THE, 2
TRAGEDY, 1
OF, 2
HAMLET,, 1
PRINCE, 1
DENMARK, 1
by, 92
William, 1
Shakespeare, 1
Dramatis, 1
Personae, 1
Claudius,, 2
King, 34
of, 625
Denmark., 7
Marcellus,, 4
Officer., 1
Hamlet,, 27
son, 11
to, 608
the, 929
former,, 1
and, 680
nephew, 3
present, 4
king., 3
Polonius,, 6
Lord, 13
Chamberlain., 1
Horatio,, 15
friend, 4
Hamlet., 25
Laertes,, 16
Polonius., 14
Voltemand,, 4
courtier., 7
Cornelius,, 2
Rosencrantz,, 6
Guildenstern,, 5
Osric,, 4
A, 87
Gentleman,, 1
Priest., 3
officer., 2
Bernardo,, 2
Francisco,, 2
a, 453
soldier, 2
Reynaldo,, 2
servant, 2
Players., 5
Two, 4
Clowns,, 2
gravediggers., 1
Fortinbras,, 6
Prince, 1
Norway., 1
Norwegian, 1
Captain., 1
English, 2
Ambassadors., 2
Getrude,, 1
Queen, 16
Denmark,, 3
mother, 14
Ophelia,, 12
daughter, 8
Ghost, 7
Hamlet's, 9
Father., 1
Lords,, 2
ladies,, 1
Officers,, 1
Soldiers,, 1
Sailors,, 2
Messengers,, 1
Attendants., 2
SCENE.-, 1
Elsinore., 21
ACT, 4
I., 9
Scene, 20
platform, 3
before, 13
Castle., 15
Enter, 66
two, 19
Sentinels-[first,], 1
[who, 2
paces, 1
up, 28
down, 14
at, 75
his, 284
post;, 1
then], 2
approaches, 1
him]., 2
Ber., 19
Who's, 1
there.?, 1
Fran., 8
Nay,, 22
answer, 8
me., 35
Stand, 2
unfold, 2
yourself., 4
Long, 2
live, 13
King!, 1
Bernardo?, 1
He., 1
You, 72
come, 44
most, 70
carefully, 1
upon, 38
your, 217
hour., 1
'Tis, 36
now, 36
struck, 4
twelve., 2
Get, 5
thee, 35
bed,, 2
Francisco., 1
For, 69
this, 203
relief, 1
much, 44
thanks., 2
bitter, 2
cold,, 2
And, 259
I, 523
am, 52
sick, 4
heart., 4
Have, 16
you, 361
had, 37
quiet, 4
guard?, 1
Not, 15
mouse, 1
stirring., 1
Well,, 9
good, 71
night., 7
If, 51
do, 105
meet, 3
Horatio, 8
The, 152
rivals, 1
my, 444
watch,, 6
bid, 5
them, 43
make, 43
haste., 2
Marcellus., 4
think, 36
hear, 22
them., 16
Stand,, 1
ho!, 6
Who, 21
is, 299
there?, 2
Hor., 108
Friends, 2
ground., 4
Mar., 31
liegemen, 1
Dane., 4
Give, 21
O,, 59
farewell,, 1
honest, 6
soldier., 1
hath, 55
reliev'd, 1
you?, 13
Bernardo, 2
place., 2
Exit., 17
Holla,, 1
Bernardo!, 1
Say-, 1
What,, 13
there, 37
?, 2
piece, 6
him., 32
Welcome,, 5
Horatio., 11
has, 11
thing, 13
appear'd, 3
again, 9
to-night?, 2
have, 160
seen, 17
nothing., 4
says, 7
'tis, 35
but, 139
our, 107
fantasy,, 1
will, 130
not, 259
let, 52
belief, 1
take, 26
hold, 21
him, 121
Touching, 2
dreaded, 1
sight,, 3
twice, 4
us., 6
Therefore, 7
entreated, 1
along,, 1
With, 43
us, 46
watch, 7
minutes, 1
night,, 13
That,, 9
if, 60
apparition, 2
come,, 9
He, 51
may, 59
approve, 2
eyes, 10
speak, 36
it., 34
Tush,, 1
tush,, 1
'twill, 3
appear., 1
Sit, 1
awhile,, 5
once, 10
assail, 1
ears,, 2
That, 118
are, 118
so, 96
fortified, 1
against, 19
story,, 1
What, 90
we, 101
nights, 3
seen., 2
sit, 7
down,, 6
this., 7
Last, 1
night, 13
all,, 7
When, 29
yond, 1
same, 10
star, 4
that's, 8
westward, 1
from, 83
pole, 1
Had, 7
made, 28
course, 4
t', 3
illume, 1
that, 225
part, 18
heaven, 18
Where, 24
it, 266
burns,, 2
Marcellus, 1
myself,, 3
bell, 2
then, 18
beating, 2
one-, 2
Ghost., 20
Peace!, 3
break, 4
off!, 1
Look, 14
where, 26
comes, 18
again!, 4
In, 38
figure,, 1
like, 67
dead., 4
Thou, 14
art, 12
scholar;, 1
it,, 38
Looks, 1
King?, 3
Mark, 5
Most, 12
like., 4
It, 61
harrows, 1
me, 144
with, 224
fear, 12
wonder., 1
would, 62
be, 187
spoke, 2
to., 2
Question, 1
thou, 83
usurp'st, 1
time, 32
Together, 3
fair, 14
warlike, 5
form, 11
which, 38
majesty, 4
buried, 5
Denmark, 9
Did, 13
sometimes, 3
march?, 1
By, 19
charge, 4
speak!, 4
offended., 3
See,, 1
stalks, 1
away!, 4
Stay!, 1
Speak,, 2
Exit, 10
gone, 4
answer., 2
How, 58
now,, 20
Horatio?, 2
tremble, 2
look, 18
pale., 2
Is, 28
something, 10
more, 68
than, 38
fantasy?, 1
on't?, 2
Before, 4
God,, 6
might, 28
believe, 15
Without, 4
sensible, 1
true, 13
avouch, 1
Of, 43
mine, 21
own, 36
eyes., 3
As, 70
thyself., 2
Such, 6
was, 70
very, 57
armour, 2
he, 149
on, 99
th', 60
ambitious, 2
Norway, 2
combated., 1
So, 43
frown'd, 1
when,, 1
in, 382
an, 50
angry, 1
parle,, 1
smote, 1
sledded, 1
Polacks, 1
ice., 1
strange., 2
Thus, 9
before,, 3
jump, 2
dead, 16
hour,, 2
martial, 1
stalk, 1
watch., 1
what, 100
particular, 7
thought, 7
work, 6
know, 56
not;, 2
But,, 14
gross, 3
scope, 2
opinion,, 1
This, 50
bodes, 1
some, 51
strange, 4
eruption, 1
state., 3
Good, 26
tell, 36
knows,, 2
Why, 23
strict, 2
observant, 1
nightly, 1
toils, 1
subject, 2
land,, 4
why, 8
such, 48
daily, 1
cast, 6
brazen, 1
cannon, 4
foreign, 1
mart, 1
for, 162
implements, 1
war;, 1
impress, 1
shipwrights,, 1
whose, 21
sore, 3
task, 1
Does, 3
divide, 2
Sunday, 1
week., 1
toward,, 1
sweaty, 1
haste, 8
Doth, 4
joint-labourer, 1
day?, 2
is't, 8
can, 29
inform, 2
me?, 10
At, 12
least,, 1
whisper, 2
goes, 9
so., 19
Our, 13
last, 10
king,, 7
Whose, 11
image, 3
even, 13
us,, 15
Was,, 1
as, 144
know,, 12
Fortinbras, 4
Norway,, 9
Thereto, 1
prick'd, 1
emulate, 1
pride,, 1
Dar'd, 1
combat;, 1
valiant, 2
Hamlet, 28
(For, 2
side, 1
known, 5
world, 17
esteem'd, 1
him), 1
slay, 1
Fortinbras;, 2
who,, 4
seal'd, 3
compact,, 1
Well, 4
ratified, 1
law, 3
heraldry,, 1
forfeit,, 1
life,, 12
all, 83
those, 19
lands, 4
Which, 19
stood, 3
seiz'd, 1
of,, 1
conqueror;, 1
Against, 4
moiety, 1
competent, 1
Was, 6
gaged, 1
king;, 2
return'd, 3
To, 119
inheritance, 1
been, 25
vanquisher,, 1
as,, 2
comart, 1
carriage, 1
article, 1
design'd,, 1
His, 18
fell, 6
Now,, 8
sir,, 29
young, 14
unimproved, 1
mettle, 1
hot, 5
full,, 2
Hath, 8
skirts, 1
here, 28
there,, 6
Shark'd, 1
list, 3
lawless, 2
resolutes,, 1
food, 1
diet,, 1
enterprise, 1
stomach, 1
in't;, 1
no, 88
other,, 4
doth, 24
well, 28
appear, 2
unto, 4
state,, 5
But, 115
recover, 3
strong, 3
hand, 13
terms, 3
compulsatory,, 1
foresaid, 1
father, 25
lost;, 2
this,, 18
main, 3
motive, 4
preparations,, 1
source, 2
chief, 3
head, 17
post-haste, 1
romage, 1
land., 1
other, 11
e'en, 8
sort, 3
portentous, 1
figure, 2
Comes, 1
armed, 1
through, 8
question, 10
these, 32
wars., 1
mote, 1
trouble, 2
mind's, 2
eye., 3
high, 2
palmy, 1
state, 6
Rome,, 1
little, 15
ere, 10
mightiest, 1
Julius, 2
fell,, 1
graves, 2
tenantless,, 1
sheeted, 1
squeak, 1
gibber, 1
Roman, 2
streets;, 1
stars, 2
trains, 1
fire,, 4
dews, 1
blood,, 5
Disasters, 1
sun;, 1
moist, 1
Upon, 15
influence, 1
Neptune's, 2
empire, 2
stands, 3
almost, 9
doomsday, 2
eclipse., 1
precurse, 1
fierce, 1
events,, 1
harbingers, 1
preceding, 1
still, 9
fates, 2
prologue, 2
omen, 1
coming, 5
on,, 6
earth, 14
together, 6
demonstrated, 1
Unto, 4
climature, 1
countrymen., 1
again., 8
soft!, 5
behold!, 1
Lo,, 2
I'll, 56
cross, 1
though, 17
blast, 2
me.-, 1
Stay, 1
illusion!, 1
Spreads, 1
arms., 3
hast, 14
any, 12
sound,, 2
or, 81
use, 13
voice,, 4
Speak, 6
done,, 7
ease,, 3
and,, 6
race, 1
me,, 30
privy, 1
thy, 81
country's, 1
fate,, 1
happily, 1
foreknowing, 1
avoid,, 1
Or, 33
uphoarded, 1
life, 13
Extorted, 1
treasure, 4
womb, 1
which,, 4
they, 72
say,, 11
spirits, 4
oft, 10
walk, 8
death),, 1
cock, 3
crows., 1
it!, 6
Stay,, 2
speak!-, 1
Stop, 1
Marcellus!, 1
Shall, 5
strike, 1
partisan?, 1
Do,, 1
stand., 1
here!, 2
gone!, 2
We, 35
wrong,, 2
being, 8
majestical,, 1
offer, 2
show, 19
violence;, 2
air,, 5
invulnerable,, 1
vain, 1
blows, 2
malicious, 2
mockery., 1
about, 13
speak,, 4
when, 26
crew., 1
started,, 1
guilty, 4
fearful, 1
summons., 1
heard, 10
cock,, 1
trumpet, 4
morn,, 2
lofty, 1
shrill-sounding, 1
throat, 3
Awake, 1
god, 3
day;, 1
warning,, 1
Whether, 4
sea, 4
Th', 11
extravagant, 1
erring, 1
spirit, 7
hies, 1
confine;, 1
truth, 4
herein, 3
object, 1
probation., 1
faded, 1
crowing, 1
cock., 1
Some, 2
say, 30
ever,, 1
'gainst, 3
season, 4
Wherein, 6
Saviour's, 1
birth, 1
celebrated,, 1
bird, 1
dawning, 1
singeth, 1
long;, 1
then,, 12
dare, 5
stir, 4
abroad,, 1
wholesome,, 1
planets, 1
strike,, 1
No, 18
fairy, 1
takes,, 2
nor, 21
witch, 1
power, 7
charm,, 1
hallow'd, 1
gracious, 4
time., 6
look,, 2
russet, 1
mantle, 1
clad,, 1
Walks, 1
o'er, 12
dew, 2
yon, 1
eastward, 1
hill., 1
Break, 3
up;, 3
advice, 1
Let, 43
impart, 4
to-night, 3
Hamlet;, 2
for,, 4
spirit,, 3
dumb, 4
Do, 26
consent, 1
shall, 103
acquaint, 1
needful, 1
loves,, 2
fitting, 1
duty?, 1
Let's, 5
do't,, 3
pray;, 1
morning, 4
find, 17
conveniently., 1
Exeunt., 12
II., 6
room, 12
Flourish., 3
[Enter, 4
Gertrude, 1
Queen,, 12
Laertes, 9
sister, 3
[Voltemand,, 1
Cornelius,], 1
Lords, 3
Attendant., 2
King., 116
Though, 6
yet, 26
dear, 27
brother's, 7
death, 15
memory, 7
green,, 1
befitted, 1
bear, 13
hearts, 1
grief,, 3
whole, 7
kingdom, 3
contracted, 1
one, 29
brow, 1
woe,, 2
Yet, 12
far, 10
discretion, 2
fought, 1
nature, 15
wisest, 3
sorrow, 4
remembrance, 2
ourselves., 2
sometime, 3
sister,, 4
queen,, 4
imperial, 1
jointress, 1
we,, 1
'twere, 5
defeated, 1
joy,, 2
auspicious,, 1
dropping, 1
eye,, 6
mirth, 1
funeral,, 1
dirge, 1
marriage,, 2
equal, 2
scale, 2
weighing, 1
delight, 3
dole,, 1
Taken, 1
wife;, 3
barr'd, 1
Your, 25
better, 11
wisdoms,, 1
freely, 2
affair, 2
along., 1
Now, 18
follows,, 1
Holding, 1
weak, 2
supposal, 1
worth,, 2
thinking, 4
late, 5
disjoint, 1
out, 40
frame,, 3
Colleagued, 1
dream, 4
advantage,, 1
fail'd, 1
pester, 1
message, 1
Importing, 3
surrender, 1
Lost, 1
father,, 6
bands, 1
law,, 1
brother., 4
ourself, 2
meeting., 1
business, 8
is:, 1
writ, 5
uncle, 4
Who,, 3
impotent, 1
bedrid,, 1
scarcely, 2
hears, 3
nephew's, 2
purpose,, 4
suppress, 2
further, 9
gait, 2
herein,, 1
levies,, 1
lists,, 1
full, 8
proportions, 1
Out, 4
subject;, 1
dispatch, 1
You,, 2
you,, 53
bearers, 2
greeting, 1
old, 18
Giving, 2
personal, 1
King,, 13
dilated, 1
articles, 1
allow., 1
[Gives, 2
paper.], 2
Farewell,, 3
commend, 4
duty., 2
Cor.,, 1
Volt., 2
that,, 17
things,, 1
doubt, 6
Heartily, 1
farewell., 2
Exeunt, 19
Voltemand, 1
Cornelius., 2
what's, 5
news, 7
told, 5
suit., 1
is't,, 5
Laertes?, 6
cannot, 24
reason, 10
Dane, 1
lose, 6
voice., 2
wouldst, 5
beg,, 1
offer,, 1
asking?, 1
native, 4
heart,, 8
instrumental, 1
mouth,, 4
Than, 12
throne, 1
father., 7
have,, 3
Laer., 62
My, 75
dread, 5
lord,, 81
leave, 17
favour, 3
return, 3
France;, 2
From, 11
whence, 1
willingly, 2
came, 8
duty, 10
coronation,, 1
must, 55
confess,, 1
thoughts, 12
wishes, 1
bend, 3
toward, 5
France, 3
bow, 2
pardon., 1
father's, 18
leave?, 2
Polonius?, 3
Pol., 86
hath,, 2
wrung, 1
slow, 3
laboursome, 1
petition,, 1
hard, 4
consent., 1
beseech, 7
give, 37
go., 6
Take, 10
Laertes., 7
Time, 2
thine,, 2
best, 9
graces, 1
spend, 1
will!, 2
cousin, 2
son-, 1
Ham., 358
[aside], 10
kin,, 1
less, 6
kind!, 1
clouds, 2
hang, 3
so,, 13
lord., 61
too, 32
i', 23
sun., 2
Queen., 78
nighted, 1
colour, 2
off,, 3
thine, 9
eye, 4
ever, 10
vailed, 1
lids, 1
Seek, 2
noble, 17
dust., 1
know'st, 2
common., 2
All, 12
lives, 3
die,, 2
Passing, 1
eternity., 1
Ay,, 34
madam,, 4
be,, 9
seems, 4
thee?, 4
Seems,, 1
is., 4
'seems.', 1
alone, 6
inky, 1
cloak,, 1
mother,, 7
Nor, 16
customary, 1
suits, 2
solemn, 3
black,, 3
windy, 1
suspiration, 1
forc'd, 2
breath,, 3
No,, 25
fruitful, 1
river, 1
dejected, 1
havior, 1
visage,, 2
forms,, 2
moods,, 1
shapes, 3
'That, 1
denote, 1
truly., 1
These, 12
indeed, 11
seem,, 1
actions, 2
man, 32
play;, 2
within, 9
passeth, 1
show-, 1
trappings, 1
woe., 1
sweet, 18
commendable, 1
nature,, 8
mourning, 1
duties, 1
father;, 7
lost, 4
lost,, 2
his,, 1
survivor, 1
bound, 4
filial, 1
obligation, 2
term, 2
obsequious, 1
sorrow., 1
persever, 1
obstinate, 1
condolement, 1
impious, 1
stubbornness., 1
unmanly, 1
grief;, 2
shows, 7
incorrect, 1
heaven,, 13
heart, 11
unfortified,, 1
mind, 8
impatient,, 1
An, 6
understanding, 3
simple, 1
unschool'd;, 1
common, 5
vulgar, 1
sense,, 2
should, 51
peevish, 1
opposition, 2
heart?, 1
Fie!, 1
fault, 4
dead,, 4
absurd,, 1
theme, 2
fathers,, 2
who, 12
cried,, 1
first, 11
corse, 2
till, 10
died, 2
to-day,, 1
'This, 2
so.', 1
pray, 17
throw, 5
unprevailing, 1
note, 5
immediate, 2
throne,, 1
nobility, 1
love, 39
dearest, 2
bears, 1
you., 36
intent, 1
going, 2
back, 6
school, 1
Wittenberg,, 2
retrograde, 1
desire;, 1
remain, 2
Here, 9
cheer, 3
comfort, 1
chiefest, 1
courtier,, 2
cousin,, 1
son., 2
her, 68
prayers,, 2
stay, 7
go, 35
Wittenberg., 1
obey, 4
madam., 1
Why,, 30
loving, 3
reply., 2
Be, 17
Madam,, 5
come., 6
gentle, 5
unforc'd, 1
accord, 1
Sits, 1
smiling, 2
heart;, 3
grace, 7
whereof,, 1
jocund, 1
health, 4
drinks, 2
to-day, 1
great, 24
tell,, 1
King's, 5
rouse, 1
bruit, 1
again,, 7
Respeaking, 1
earthly, 1
thunder., 1
Come, 10
away., 5
O, 50
solid, 1
flesh, 4
melt,, 1
Thaw,, 1
resolve, 1
itself, 21
into, 23
dew!, 1
Everlasting, 1
fix'd, 2
canon, 1
self-slaughter!, 1
God!, 4
weary,, 1
stale,, 1
flat,, 1
unprofitable, 1
Seem, 1
uses, 3
world!, 2
Fie, 2
on't!, 4
ah,, 1
fie!, 1
unweeded, 1
garden, 2
grows, 3
seed;, 1
things, 9
rank, 5
Possess, 1
merely., 1
this!, 3
months, 3
dead!, 2
much,, 3
two., 2
excellent, 8
Hyperion, 1
satyr;, 1
beteem, 1
winds, 3
Visit, 1
face, 6
roughly., 1
Heaven, 4
earth!, 2
Must, 5
remember?, 1
she, 35
increase, 1
appetite, 1
grown, 4
fed, 2
on;, 2
yet,, 3
month-, 1
Frailty,, 1
name, 8
woman!-, 1
month,, 3
shoes, 1
were, 24
followed, 2
poor, 19
body, 11
Like, 7
Niobe,, 1
tears-, 1
she,, 2
(O, 2
beast, 2
wants, 2
discourse, 4
Would, 13
mourn'd, 1
longer), 1
married, 2
uncle;, 1
brother,, 2
Hercules., 1
Within, 4
Ere, 2
salt, 3
unrighteous, 1
tears, 4
left, 2
flushing, 1
galled, 1
eyes,, 6
She, 9
married., 1
wicked, 6
speed,, 1
post, 1
dexterity, 1
incestuous, 2
sheets!, 1
not,, 17
good., 6
tongue!, 1
Bernardo., 1
Hail, 1
lordship!, 1
glad, 4
see, 29
well., 17
Horatio!-, 1
forget, 3
myself., 2
same,, 1
ever., 2
Sir,, 11
friend-, 1
change, 3
Marcellus?, 1
lord!, 13
you.-, 3
[To, 5
Bernardo], 1
even,, 2
sir.-, 1
what,, 3
faith,, 6
Wittenberg?, 1
truant, 1
disposition,, 1
enemy, 1
ear, 10
violence, 2
truster, 1
report, 5
truant., 1
Elsinore?, 2
We'll, 9
teach, 4
drink, 5
deep, 4
depart., 1
funeral., 1
prithee, 2
mock, 4
fellow, 7
student., 1
mother's, 6
wedding., 1
Indeed,, 8
upon., 1
Thrift,, 1
thrift,, 2
Horatio!, 5
funeral, 2
bak'd, 1
meats, 1
coldly, 2
furnish, 1
forth, 3
marriage, 3
tables., 1
met, 1
foe, 1
day,, 6
father-, 1
methinks, 3
where,, 1
lord?, 31
saw, 11
once., 5
goodly, 3
man,, 10
all., 5
yesternight., 1
Saw?, 1
who?, 2
father?, 3
Season, 1
admiration, 1
while, 9
attent, 1
ear,, 3
deliver, 1
witness, 1
gentlemen,, 5
marvel, 1
God's, 3
hear!, 1
gentlemen, 3
(Marcellus, 1
Bernardo), 1
their, 52
vast, 1
middle, 2
Been, 2
thus, 22
encount'red., 1
Armed, 1
point, 5
exactly,, 1
cap-a-pe,, 1
Appears, 1
march, 2
Goes, 2
stately, 1
Thrice, 1
walk'd, 1
oppress'd, 1
fear-surprised, 1
truncheon's, 1
length;, 1
whilst, 3
distill'd, 1
Almost, 1
jelly, 1
act, 7
fear,, 3
dreadful, 3
secrecy, 2
did,, 4
third, 2
kept, 4
watch;, 1
Where,, 1
deliver'd,, 1
both, 19
time,, 4
Form, 1
thing,, 2
each, 8
word, 6
good,, 2
comes., 3
knew, 5
hands, 6
this?, 11
watch'd., 1
it?, 5
did;, 1
none., 3
methought, 2
lifted, 1
did, 46
address, 1
Itself, 1
motion,, 2
speak;, 2
crew, 1
loud,, 1
sound, 3
shrunk, 1
away, 10
vanish'd, 1
sight., 1
live,, 1
honour'd, 4
true;, 2
indeed,, 4
sirs., 2
troubles, 1
Hold, 5
Both, 5
[Mar., 1
Ber.], 1
do,, 11
Arm'd,, 2
Both., 8
top, 6
toe?, 1
foot., 1
Then, 21
face?, 2
yes,, 1
wore, 1
beaver, 1
up., 3
look'd, 4
frowningly., 1
countenance, 3
anger., 1
Pale, 2
red?, 1
constantly., 1
there., 8
amaz'd, 1
Very, 7
like,, 2
Stay'd, 1
long?, 2
While, 1
moderate, 1
hundred., 1
Longer,, 1
longer., 1
saw't., 1
beard, 5
grizzled-, 1
no?, 2
was,, 3
sable, 2
silver'd., 1
to-night., 3
Perchance, 1
warr'nt, 1
will., 8
assume, 3
person,, 1
hell, 4
gape, 1
peace., 3
hitherto, 2
conceal'd, 1
tenable, 1
silence, 4
still;, 2
whatsoever, 1
else, 11
hap, 1
to-night,, 2
tongue., 4
requite, 1
loves., 2
So,, 6
fare, 2
platform,, 1
'twixt, 2
eleven, 1
twelve,, 1
visit, 4
All., 6
honour., 3
Farewell., 8
[all, 2
Hamlet]., 1
spirit-, 1
arms?, 2
foul, 8
play., 11
come!, 7
Till, 10
still,, 4
soul., 1
Foul, 1
deeds, 1
rise,, 1
o'erwhelm, 1
them,, 8
men's, 3
III., 4
house, 4
Ophelia., 5
necessaries, 1
embark'd., 1
And,, 14
benefit, 1
convoy, 1
assistant,, 1
sleep,, 2
Oph., 58
that?, 7
trifling, 1
favour,, 1
fashion,, 2
toy, 2
blood;, 1
violet, 1
youth, 11
primy, 1
Forward,, 1
permanent-, 1
sweet,, 2
lasting;, 1
perfume, 2
suppliance, 1
minute;, 1
more., 8
so?, 7
Think, 3
crescent, 1
does, 22
grow, 7
thews, 1
bulk;, 1
temple, 1
waxes,, 1
inward, 3
service, 4
soul, 21
Grows, 1
wide, 3
withal., 4
Perhaps, 1
loves, 3
soil, 1
cautel, 1
besmirch, 1
virtue, 7
will;, 1
greatness, 1
weigh'd,, 2
own;, 1
himself, 9
birth., 1
unvalued, 1
persons, 1
Carve, 1
himself,, 3
choice, 6
depends, 2
safety, 3
therefore, 7
circumscrib'd, 1
voice, 5
yielding, 1
Whereof, 1
head., 5
fits, 2
wisdom, 6
place, 5
May, 7
saying, 1
deed;, 1
weigh, 1
loss, 1
honour, 5
sustain, 1
credent, 1
songs,, 1
chaste, 3
open, 2
unmast'red, 1
importunity., 1
Fear, 1
keep, 15
rear, 1
affection,, 2
shot, 5
danger, 2
desire., 1
chariest, 1
maid, 3
prodigal, 2
enough, 5
unmask, 1
beauty, 4
moon., 2
Virtue, 3
scopes, 1
calumnious, 1
strokes., 1
canker, 2
galls, 2
infants, 1
spring, 2
Too, 3
buttons, 1
disclos'd,, 2
morn, 1
liquid, 1
Contagious, 1
blastments, 1
imminent., 1
wary, 2
then;, 2
lies, 6
fear., 2
Youth, 1
rebels,, 1
none, 7
near., 1
effect, 4
lesson, 1
watchman, 1
ungracious, 1
pastors, 1
Show, 1
steep, 1
thorny, 1
way, 8
Whiles,, 1
puff'd, 1
reckless, 1
libertine,, 1
Himself, 1
primrose, 1
path, 1
dalliance, 1
treads, 1
recks, 1
rede., 1
not!, 1
long., 2
double, 6
blessing, 4
grace;, 1
Occasion, 1
smiles, 1
second, 9
leave., 4
here,, 8
Aboard,, 1
aboard,, 1
shame!, 3
wind, 10
sits, 2
shoulder, 2
sail,, 2
stay'd, 2
for., 4
There-, 1
thee!, 2
few, 2
precepts, 1
character., 2
tongue,, 3
unproportion'd, 1
act., 2
familiar,, 1
means, 13
vulgar:, 1
Those, 2
friends, 5
hast,, 1
adoption, 1
tried,, 1
Grapple, 1
hoops, 1
steel;, 1
dull, 5
palm, 2
entertainment, 4
new-hatch'd,, 1
unfledg'd, 1
comrade., 1
Beware, 1
entrance, 1
quarrel;, 1
in,, 4
Bear't, 1
opposed, 1
beware, 1
thee., 9
every, 7
voice;, 1
man's, 5
censure,, 1
reserve, 1
judgment., 1
Costly, 1
habit, 4
purse, 2
buy,, 1
express'd, 1
fancy;, 1
rich,, 1
gaudy;, 1
apparel, 1
proclaims, 2
station, 2
Are, 10
select, 1
generous,, 2
that., 9
Neither, 1
borrower, 1
lender, 1
be;, 2
loan, 1
loses, 1
friend,, 3
borrowing, 1
dulls, 1
edge, 2
husbandry., 1
above, 2
all-, 2
self, 1
true,, 2
follow,, 2
canst, 2
false, 6
man., 6
humbly, 5
leave,, 1
invites, 1
Go,, 7
servants, 1
tend., 1
remember, 3
said, 8
lock'd,, 1
yourself, 8
key, 1
please, 9
touching, 1
Marry,, 7
bethought!, 1
Given, 1
private, 1
audience, 3
free, 7
bounteous., 1
so-, 1
put, 22
caution-, 1
understand, 7
clearly, 1
behooves, 1
between, 13
truth., 1
many, 17
tenders, 2
affection, 1
Affection?, 1
Pooh!, 1
green, 1
girl,, 1
Unsifted, 1
perilous, 1
circumstance., 1
tenders,, 1
call, 21
them?, 3
think,, 5
you!, 2
baby, 2
ta'en, 2
pay,, 1
sterling., 1
Tender, 1
dearly,, 1
(not, 2
crack, 1
phrase,, 3
Running, 1
thus), 1
you'll, 3
tender, 3
fool., 1
importun'd, 1
honourable, 2
fashion., 1
fashion, 5
Go, 15
to,, 2
to!, 2
given, 9
speech,, 5
holy, 2
vows, 2
heaven., 3
springes, 1
catch, 2
woodcocks!, 1
blood, 9
how, 29
Lends, 1
tongue, 6
vows., 1
blazes,, 1
daughter,, 2
light, 6
heat,, 2
extinct, 1
Even, 8
promise,, 1
a-making,, 1
fire., 3
scanter, 1
maiden, 2
presence., 1
Set, 2
entreatments, 1
higher, 1
rate, 1
command, 4
parley., 1
Believe, 3
him,, 27
young,, 1
larger, 1
tether, 1
few,, 1
vows;, 1
brokers,, 1
dye, 1
investments, 1
show,, 2
mere, 3
implorators, 1
unholy, 1
suits,, 1
Breathing, 1
sanctified, 1
pious, 3
bawds,, 1
beguile., 1
all:, 1
plain, 1
terms,, 2
slander, 1
moment, 2
leisure, 2
words, 13
talk, 2
to't,, 1
ways., 2
obey,, 3
IV., 4
air, 4
bites, 1
shrewdly;, 1
cold., 1
nipping, 1
eager, 2
air., 3
hour, 5
now?, 6
lacks, 1
struck., 2
Indeed?, 1
not., 13
draws, 2
near, 8
held, 2
wont, 3
walk., 1
flourish, 2
trumpets,, 1
pieces, 1
off., 5
mean,, 6
wake, 1
takes, 6
rouse,, 1
Keeps, 1
wassail,, 1
swagg'ring, 1
upspring, 1
reels,, 1
drains, 1
draughts, 1
Rhenish, 2
kettledrum, 1
bray, 1
triumph, 1
pledge., 1
custom?, 1
marry,, 6
is't;, 1
mind,, 3
manner, 1
born,, 1
custom, 6
More, 6
breach, 1
observance., 1
heavy-headed, 1
revel, 1
east, 1
west, 1
Makes, 3
traduc'd, 1
tax'd, 1
nations;, 1
They, 26
clip, 1
drunkards, 1
swinish, 1
phrase, 5
Soil, 1
addition;, 1
achievements,, 1
perform'd, 1
height,, 1
pith, 3
marrow, 1
attribute., 1
chances, 2
men, 9
vicious, 1
mole, 1
birth,-, 1
wherein, 2
guilty,, 2
Since, 8
choose, 4
origin,-, 1
o'ergrowth, 1
complexion,, 1
Oft, 1
breaking, 1
pales, 1
forts, 1
reason,, 2
o'erleavens, 1
plausive, 1
manners,, 1
Carrying,, 1
stamp, 2
defect,, 2
Being, 3
nature's, 1
livery,, 2
fortune's, 1
star,, 1
Their, 5
virtues, 2
else-, 1
pure, 2
grace,, 3
infinite, 4
undergo-, 1
general, 6
censure, 3
corruption, 1
fault., 1
dram, 1
e'il, 1
substance, 2
often, 3
dout, 1
scandal., 1
Look,, 2
comes!, 1
Angels, 1
ministers, 1
defend, 3
us!, 1
goblin, 1
damn'd,, 1
Bring, 5
airs, 1
blasts, 1
hell,, 5
intents, 1
charitable,, 1
com'st, 1
questionable, 1
shape, 3
royal, 3
burst, 3
ignorance,, 1
canoniz'd, 1
bones,, 3
hearsed, 1
death,, 9
cerements;, 1
sepulchre, 1
quietly, 1
inurn'd,, 1
op'd, 1
ponderous, 1
marble, 1
jaws, 1
mean, 4
thou,, 4
corse,, 1
complete, 1
steel,, 2
Revisits, 1
glimpses, 1
moon,, 2
Making, 1
hideous,, 1
fools, 1
horridly, 2
shake, 2
disposition, 3
beyond, 2
reaches, 1
souls?, 1
Say,, 2
wherefore?, 1
do?, 3
beckons, 2
impartment, 1
desire, 3
alone., 2
courteous, 1
action, 7
waves, 3
removed, 1
means!, 1
speak., 5
follow, 10
fear?, 1
set, 20
pin's, 1
fee;, 1
soul,, 9
immortal, 1
itself?, 1
tempt, 3
flood,, 1
summit, 2
cliff, 1
beetles, 1
base, 3
sea,, 2
horrible, 1
deprive, 1
sovereignty, 1
draw, 9
madness?, 1
puts, 4
toys, 1
desperation,, 1
motive,, 1
brain, 2
looks, 3
fadoms, 1
roar, 1
beneath., 1
still., 1
on., 9
go,, 6
off, 12
hands!, 1
rul'd., 1
fate, 1
cries, 4
makes, 14
petty, 2
artire, 1
hardy, 1
Nemean, 1
lion's, 1
nerve., 1
[Ghost, 1
beckons.], 1
Still, 4
call'd., 1
Unhand, 1
gentlemen., 1
ghost, 2
lets, 3
me!-, 1
away!-, 1
waxes, 1
desperate, 4
imagination., 1
follow., 3
fit, 8
after., 2
issue, 2
wail, 1
come?, 1
Something, 3
rotten, 2
direct, 4
let's, 5
V., 3
Another, 4
fortifications., 1
Whither, 1
wilt, 7
lead, 4
Speak!, 1
further., 1
sulph'rous, 1
tormenting, 1
flames, 2
render, 1
Alas,, 9
ghost!, 1
Pity, 1
lend, 4
serious, 1
hearing, 3
unfold., 1
Speak., 1
hear., 5
revenge,, 2
shalt, 5
What?, 1
Doom'd, 1
certain, 3
day, 11
confin'd, 1
fast, 2
fires,, 1
crimes, 3
done, 7
days, 4
burnt, 1
purg'd, 1
forbid, 2
secrets, 1
prison, 3
house,, 1
could, 24
tale, 4
lightest, 1
harrow, 1
freeze, 1
Make, 10
stars,, 2
start, 3
spheres,, 1
Thy, 5
knotted, 1
combined, 1
locks, 1
part,, 4
hair, 1
stand, 10
end, 10
quills, 1
fretful, 1
porpentine., 1
eternal, 2
blazon, 1
ears, 3
blood., 4
List,, 1
list,, 2
list!, 1
didst, 3
love-, 2
Revenge, 2
unnatural, 2
murther., 2
Murther?, 1
Murther, 2
foul,, 2
is;, 3
strange,, 1
unnatural., 1
Haste, 1
know't,, 1
I,, 14
wings, 1
swift, 2
meditation, 1
love,, 13
sweep, 2
revenge., 3
apt;, 1
duller, 1
shouldst, 2
fat, 5
weed, 1
rots, 1
ease, 1
Lethe, 1
wharf,, 1
Wouldst, 1
sleeping, 2
orchard,, 2
serpent, 2
stung, 1
forged, 1
process, 1
Rankly, 1
abus'd., 1
youth,, 2
sting, 2
wears, 2
crown., 1
prophetic, 1
soul!, 3
uncle?, 1
incestuous,, 2
adulterate, 1
beast,, 2
witchcraft, 2
wit,, 3
traitorous, 1
gifts-, 1
wit, 2
gifts,, 1
seduce!-, 1
won, 1
shameful, 1
lust, 1
seeming-virtuous, 1
queen., 2
falling-off, 1
dignity, 1
went, 5
vow, 2
decline, 1
wretch, 3
natural, 4
gifts, 2
mine!, 1
virtue,, 2
never, 16
mov'd,, 1
lewdness, 1
court, 4
lust,, 1
radiant, 1
angel, 3
link'd,, 1
Will, 21
sate, 2
celestial, 1
bed, 3
prey, 1
garbage., 1
scent, 1
Brief, 1
be., 6
Sleeping, 1
always, 1
afternoon,, 1
secure, 2
stole,, 1
juice, 1
cursed, 4
hebona, 1
vial,, 1
porches, 1
pour, 1
leperous, 1
distilment;, 1
Holds, 1
enmity, 1
quicksilverr, 1
courses, 1
gates, 1
alleys, 1
body,, 1
sudden, 5
vigour, 1
posset, 1
curd,, 1
droppings, 1
milk,, 1
thin, 1
wholesome, 6
mine;, 1
instant, 4
tetter, 1
bark'd, 1
about,, 1
lazar-like,, 1
vile, 5
loathsome, 1
crust, 1
smooth, 2
body., 4
sleeping,, 1
crown,, 4
dispatch'd;, 1
Cut, 1
blossoms, 1
sin,, 1
Unhous'led,, 1
disappointed,, 1
unanel'd,, 1
reckoning, 1
made,, 1
sent, 12
account, 1
imperfections, 1
horrible!, 3
thee,, 8
couch, 1
luxury, 1
damned, 6
incest., 1
howsoever, 1
pursuest, 1
act,, 4
Taint, 1
contrive, 2
aught., 2
Leave, 4
thorns, 1
bosom, 2
lodge, 1
prick, 1
her., 6
Fare, 4
glowworm, 1
matin, 1
gins, 1
pale, 4
uneffectual, 1
Adieu,, 2
adieu,, 1
adieu!, 3
Remember, 5
host, 1
heaven!, 3
else?, 3
couple, 1
hell?, 1
Hold,, 1
hold,, 2
heart!, 1
sinews,, 1
old,, 1
stiffly, 1
ghost,, 3
holds, 3
seat, 1
distracted, 2
globe., 1
Yea,, 3
table, 4
wipe, 2
trivial, 1
fond, 1
records,, 1
saws, 1
books,, 1
pressures, 1
past, 1
observation, 1
copied, 1
commandment, 3
book, 1
volume, 1
brain,, 2
Unmix'd, 1
baser, 2
matter., 6
Yes,, 4
pernicious, 1
woman!, 1
villain,, 2
smiling,, 1
villain!, 4
tables!, 1
Meet, 2
smile,, 2
villain;, 1
least, 1
sure, 6
[Writes.], 1
uncle,, 1
are., 2
word:, 1
'Adieu,, 1
me.', 1
sworn't., 1
(within), 3
Hamlet!, 6
him!, 6
Illo,, 1
ho,, 5
Hillo,, 1
boy!, 1
Come,, 25
bird,, 1
news,, 1
wonderful!, 1
reveal, 1
then?, 5
secret?, 1
There's, 15
neer, 1
villain, 3
dwelling, 1
he's, 7
arrant, 2
knave., 2
There, 15
needs, 7
grave, 5
right!, 3
without, 12
circumstance, 3
part;, 1
desires, 3
desire,, 2
pray., 2
wild, 2
whirling, 1
words,, 2
sorry, 2
offend, 1
heartily;, 1
heartily., 1
offence,, 1
Saint, 3
Patrick,, 1
is,, 7
offence, 5
too., 5
vision, 1
O'ermaster't, 1
may., 2
friends,, 6
scholars,, 1
soldiers,, 2
request., 1
Never, 8
swear't., 1
lord-, 4
faith., 3
sword., 6
sworn,, 1
already., 3
sword,, 7
indeed., 6
under, 3
stage., 2
Swear., 4
Aha, 1
boy,, 1
say'st, 1
Art, 2
truepenny?, 1
on!, 2
cellarage., 1
Consent, 1
swear., 1
Propose, 1
oath,, 2
Swear, 3
[beneath], 3
Hic, 1
et, 1
ubique?, 1
we'll, 4
shift, 1
hither,, 4
lay, 7
heard:, 1
said,, 4
mole!, 1
Canst, 1
fast?, 2
worthy, 1
pioner!, 1
Once, 2
remove,, 1
friends.", 1
wondrous, 3
strange!, 1
stranger, 1
welcome., 4
earth,, 4
dreamt, 1
philosophy., 1
Here,, 4
never,, 2
help, 5
mercy,, 1
odd, 2
soe'er, 1
myself, 6
(As, 3
perchance, 3
hereafter, 1
antic, 1
on),, 1
times, 7
seeing, 3
shall,, 5
arms, 4
encumb'red, 1
thus,, 3
head-shake,, 1
pronouncing, 1
doubtful, 1
'Well,, 1
well,, 12
know,', 1
'We, 1
could,, 2
would,', 1
'If, 1
speak,', 1
'There, 1
might,', 1
ambiguous, 1
giving, 1
out,, 4
aught, 6
me-, 2
mercy, 2
need, 3
[They, 1
swear.], 1
Rest,, 1
rest,, 1
perturbed, 1
spirit!, 1
you;, 10
express, 3
friending, 1
God, 16
willing,, 2
lack., 1
together;, 1
fingers, 4
lips,, 1
joint., 1
spite, 1
born, 1
together., 2
Act, 1
Polonius, 3
Reynaldo., 3
money, 2
notes,, 1
Rey., 13
will,, 9
marvell's, 1
wisely,, 1
inquire, 1
behaviour., 1
intend, 1
said., 2
Enquire, 1
Danskers, 1
Paris;, 1
how,, 1
means,, 5
keep,, 2
company,, 1
expense;, 1
finding, 2
encompassment, 1
drift, 3
son,, 5
nearer, 2
demands, 2
touch, 4
'twere,, 2
distant, 1
knowledge, 1
him;, 5
'I, 3
him.', 1
mark, 5
Reynaldo?, 1
'And, 1
but,', 1
'not, 1
if't, 1
Addicted, 1
so';, 1
forgeries, 1
please;, 2
dishonour, 2
him-, 1
heed, 2
that;, 1
wanton,, 1
wild,, 2
usual, 1
slips, 1
companions, 1
noted, 1
liberty., 1
gaming,, 2
drinking,, 1
fencing,, 1
swearing,, 2
quarrelling,, 1
Drabbing., 1
far., 1
Faith,, 6
no,, 4
charge., 1
another, 4
scandal, 1
incontinency., 1
That's, 8
meaning., 1
breathe, 3
faults, 2
quaintly, 1
seem, 8
taints, 1
liberty,, 3
flash, 1
outbreak, 1
fiery, 3
savageness, 1
unreclaimed, 1
assault., 1
Wherefore, 1
here's, 2
drift,, 1
fetch, 2
warrant., 1
laying, 2
slight, 1
sullies, 1
soil'd, 1
working,, 2
party, 1
converse,, 1
Having, 1
prenominate, 1
assur'd, 1
closes, 2
consequence:, 1
'Good, 2
sir,', 1
'friend,', 1
'gentleman'-, 1
According, 1
addition, 1
country-, 1
'a, 9
this-, 2
does-, 1
say?, 2
mass,, 3
something!, 1
'closes, 2
consequence,', 1
'friend, 1
so,', 2
gentleman.', 1
consequence'-, 1
marry!, 1
thus:, 2
gentleman., 4
yesterday,, 1
t'other, 1
such;, 1
gaming;, 1
o'ertook, 1
in's, 5
rouse;, 1
falling, 1
tennis';, 1
perchance,, 1
enter, 3
sale,', 1
Videlicet,, 1
brothel,, 1
forth., 1
See, 2
now-, 1
bait, 1
falsehood, 1
carp, 1
truth;, 1
reach,, 1
windlasses, 1
assays, 1
bias,, 1
indirections, 1
directions, 1
out., 4
former, 2
lecture, 1
advice,, 2
have., 1
b', 4
wi', 3
ye,, 1
ye, 2
well!, 1
[Going.], 1
Observe, 2
inclination, 2
ply, 1
music., 3
Farewell!, 1
Ophelia?, 4
What's, 6
matter?, 3
affrighted!, 1
sewing, 1
closet,, 1
doublet, 1
unbrac'd,, 1
hat, 1
head,, 2
stockings, 1
foul'd,, 1
Ungart'red,, 1
down-gyved, 1
ankle;, 1
shirt,, 1
knees, 1
knocking, 1
piteous, 3
purport, 1
loosed, 1
horrors-, 1
Mad, 4
love?, 2
truly, 3
he?, 2
took, 4
wrist, 1
hard;, 1
length, 2
arm,, 3
brow,, 1
falls, 3
perusal, 1
last,, 1
shaking, 1
thrice, 3
waving, 1
rais'd, 1
sigh, 2
profound, 2
shatter, 1
bulk, 1
being., 1
over, 3
turn'd, 4
seem'd, 2
o', 10
doors, 3
bended, 1
seek, 7
ecstasy, 2
violent, 4
property, 3
fordoes, 1
leads, 1
undertakings, 1
passion, 6
afflict, 1
natures., 1
sorry., 1
late?, 1
lord;, 9
but,, 4
command,, 2
repel, 1
letters, 6
denied, 1
access, 1
mad., 4
judgment, 4
quoted, 1
fear'd, 1
trifle, 1
meant, 3
wrack, 1
thee;, 1
beshrew, 1
jealousy!, 1
proper, 1
age, 8
ourselves, 9
opinions, 1
younger, 1
lack, 5
discretion., 2
known;, 1
close,, 1
move, 5
grief, 7
hide, 3
hate, 1
utter, 1
love., 6
Come., 2
Rosencrantz, 16
cum, 1
aliis., 1
Guildenstern., 10
Moreover, 1
long, 10
provoke, 1
hasty, 1
sending., 1
transformation., 1
Sith, 3
exterior, 1
Resembles, 1
was., 2
of., 2
entreat, 3
clays, 1
brought, 5
since, 7
neighbour'd, 1
haviour,, 1
vouchsafe, 3
rest, 9
time;, 1
companies, 1
pleasures,, 1
gather, 2
occasion, 2
glean,, 1
unknown, 1
afflicts, 1
open'd,, 1
remedy., 1
talk'd, 2
living, 2
whom, 5
adheres., 1
gentry, 1
expend, 1
awhile, 2
supply, 1
profit, 2
hope,, 3
visitation, 2
receive, 7
thanks, 2
king's, 2
remembrance., 2
Ros., 45
Majesties, 2
Might,, 1
sovereign, 3
Put, 2
pleasures, 1
entreaty., 1
Guil., 29
ourselves,, 1
bent,, 1
feet,, 1
commanded., 1
Thanks,, 3
Guildenstern, 6
Rosencrantz., 2
instantly, 1
changed, 1
son.-, 2
bring, 7
Heavens, 1
presence, 2
practices, 1
Pleasant, 1
helpful, 1
amen!, 1
[with, 4
Attendants]., 3
ambassadors, 2
joyfully, 1
return'd., 1
news., 1
Assure, 1
liege,, 2
think-, 1
Hunts, 1
trail, 2
policy, 1
us'd, 1
do-, 1
found, 4
cause, 11
lunacy., 1
that!, 1
admittance, 1
ambassadors., 1
fruit, 2
feast., 1
Thyself, 1
in., 6
[Exit, 11
Polonius.], 3
tells, 1
Gertrude,, 9
son's, 1
distemper., 1
main,, 1
o'erhasty, 1
marriage., 1
sift, 1
friends., 3
brother, 3
Norway?, 1
greetings, 1
desires., 1
first,, 1
levies;, 1
preparation, 1
Polack,, 1
into,, 1
Highness;, 1
whereat, 1
griev'd,, 1
sickness,, 1
age,, 1
impotence, 1
falsely, 1
borne, 3
hand,, 3
sends, 4
arrests, 1
On, 9
he,, 6
brief,, 2
obeys,, 1
Receives, 1
rebuke, 1
fine,, 2
assay, 2
Majesty., 3
Whereon, 4
overcome, 1
Gives, 1
three, 8
thousand, 10
crowns, 1
annual, 1
fee, 1
commission, 2
employ, 1
levied, 1
Polack;, 1
entreaty,, 1
shown,, 1
pass, 4
Through, 1
dominions, 1
enterprise,, 1
regards, 1
allowance, 2
therein, 1
down., 4
likes, 3
well;, 1
consider'd, 1
read,, 3
Answer,, 1
business., 2
Meantime, 1
thank, 9
well-took, 1
labour., 1
rest;, 1
feast, 2
welcome, 5
home!, 1
ended., 1
expostulate, 1
Were, 3
nothing, 16
waste, 1
Therefore,, 1
brevity, 1
tediousness, 1
limbs, 1
outward, 2
flourishes,, 1
brief., 1
it;, 6
define, 1
madness,, 4
mad?, 2
matter,, 3
art., 2
swear, 1
mad,, 3
true:, 1
pity;, 1
pity, 2
true., 2
foolish, 3
figure!, 1
farewell, 1
grant, 1
then., 3
remains, 2
effect-, 1
rather, 3
defective, 1
cause., 1
remains,, 1
remainder, 1
thus., 2
Perpend., 1
(have, 1
mine),, 1
obedience,, 2
mark,, 1
gather,, 1
surmise., 1
[Reads], 1
letter., 1
'To, 1
celestial,, 1
soul's, 1
idol,, 1
beautified, 1
Ophelia,'-, 1
ill, 5
phrase;, 1
'beautified', 1
phrase., 1
Thus:, 1
[Reads.], 2
'In, 1
white, 3
bosom,, 1
these,, 2
&c.', 1
Came, 1
her?, 3
awhile., 3
faithful., 1
'Doubt, 1
fire;, 2
Doubt, 2
sun, 5
move;, 1
liar;, 1
'O, 1
numbers;, 1
reckon, 1
groans;, 1
best,, 2
Adieu., 1
'Thine, 1
evermore,, 1
lady,, 4
machine, 1
HAMLET.', 2
This,, 1
shown, 1
me;, 4
above,, 1
solicitings,, 1
place,, 2
ear., 4
Receiv'd, 1
faithful, 2
honourable., 1
fain, 4
prove, 2
wing, 1
perceiv'd, 1
me),, 1
Majesty, 6
queen, 2
play'd, 3
desk, 1
book,, 2
winking,, 1
mute, 1
dumb,, 1
idle, 2
sight?, 2
think?, 1
round, 6
mistress, 2
bespeak:, 1
'Lord, 1
prince,, 3
star., 1
be.', 1
prescripts, 1
gave, 8
her,, 6
lock, 2
herself, 5
resort,, 1
Admit, 1
messengers,, 1
tokens., 1
fruits, 1
repulsed,, 1
short, 3
make,, 2
Fell, 2
sadness,, 1
fast,, 1
Thence, 2
thence, 2
weakness,, 1
lightness,, 1
declension,, 1
Into, 4
madness, 11
raves,, 1
mourn, 1
time-, 1
that-, 1
Positively, 1
''Tis, 1
prov'd, 2
otherwise.?, 1
know., 2
[points, 1
shoulder], 1
otherwise., 1
circumstances, 1
hid,, 1
hid, 1
centre., 1
try, 4
further?, 1
walks, 1
four, 5
hours, 1
lobby., 2
loose, 1
behind, 3
arras, 5
encounter., 1
fall'n, 1
thereon, 1
assistant, 1
farm, 2
carters., 1
reading, 1
book., 1
sadly, 1
reading., 1
Away,, 1
board, 1
presently., 3
Hamlet?, 6
God-a-mercy., 1
Excellent, 1
fishmonger., 2
Honest,, 1
sir., 14
honest,, 2
goes,, 1
pick'd, 1
ten, 4
thousand., 1
breed, 1
maggots, 1
dog,, 1
kissing, 1
carrion-, 1
daughter?, 1
Conception, 1
blessing,, 1
conceive., 1
Friend,, 1
to't., 2
harping, 1
daughter., 4
first., 2
gone,, 6
suff'red, 1
extremity, 1
again.-, 1
Words,, 1
words., 1
Between, 2
matter, 12
Slanders,, 1
sir;, 8
satirical, 1
rogue, 2
grey, 1
beards;, 1
faces, 1
wrinkled;, 1
purging, 2
thick, 1
amber, 1
plum-tree, 1
gum;, 1
plentiful, 1
hams., 1
powerfully, 1
potently, 1
believe,, 1
honesty, 4
down;, 2
yourself,, 2
if,, 1
crab,, 1
backward., 1
method, 1
in't.-, 1
grave?, 2
[Aside], 2
pregnant, 2
replies, 1
are!, 1
happiness, 1
hits, 1
sanity, 1
prosperously, 1
delivered, 1
suddenly, 1
meeting, 1
daughter.-, 1
cannot,, 1
anything, 3
withal-, 1
except, 3
tedious, 2
fools!, 1
[to, 2
Polonius], 2
save, 3
sir!, 3
[Polonius]., 2
friends!, 2
dost, 9
Guildenstern?, 1
Ah,, 2
Rosencrantz!, 1
lads,, 1
both?, 1
indifferent, 3
children, 1
earth., 1
Happy, 1
over-happy., 1
Fortune's, 4
cap, 2
button., 1
soles, 1
shoe?, 1
Neither,, 1
waist,, 1
favours?, 1
privates, 1
we., 1
secret, 2
parts, 3
Fortune?, 1
O!, 1
true!, 2
strumpet., 1
None,, 1
world's, 2
honest., 1
near!, 1
particular., 1
deserved, 1
Fortune, 1
hither?, 2
Prison,, 1
Denmark's, 3
prison., 2
one., 4
one;, 2
confines,, 1
wards,, 1
dungeons,, 1
worst., 1
either, 6
bad, 5
ambition, 4
narrow, 1
mind., 1
bounded, 1
nutshell, 1
count, 3
king, 9
space,, 1
dreams., 1
dreams, 2
ambition;, 1
merely, 1
shadow, 1
dream., 1
shadow., 2
Truly,, 1
airy, 1
quality, 3
shadow's, 1
beggars, 1
bodies,, 1
monarchs, 1
outstretch'd, 1
heroes, 1
beggars', 1
shadows., 1
court?, 1
fay,, 1
reason., 1
wait, 2
matter!, 2
servants;, 1
dreadfully, 1
attended., 1
beaten, 1
friendship,, 1
occasion., 1
Beggar, 1
am,, 1
thanks;, 2
sure,, 2
halfpenny., 1
for?, 2
inclining?, 1
visitation?, 1
deal, 1
justly, 3
anything-, 1
purpose., 2
for;, 1
kind, 10
confession, 3
looks,, 2
modesties, 1
craft, 1
colour., 1
end,, 2
conjure, 1
rights, 2
fellowship,, 1
consonancy, 1
ever-preserved, 1
proposer, 1
withal,, 1
whether, 2
no., 1
[aside, 5
Guildenstern], 2
Nay, 4
why., 1
anticipation, 1
prevent, 1
discovery,, 1
moult, 1
feather., 1
late-, 1
wherefore, 1
not-, 1
mirth,, 1
forgone, 1
exercises;, 1
heavily, 1
sterile, 1
promontory;, 1
canopy,, 1
brave, 2
o'erhanging, 1
firmament,, 1
majestical, 1
roof, 1
fretted, 1
golden, 3
fire-, 1
why,, 1
appeareth, 1
pestilent, 2
congregation, 1
vapours., 1
man!, 1
reason!, 1
faculties!, 1
moving, 1
admirable!, 1
angel!, 1
apprehension, 2
god!, 1
world,, 4
paragon, 1
animals!, 1
quintessence, 1
dust?, 1
Man, 1
delights, 2
woman, 3
neither,, 1
stuff, 2
thoughts., 2
laugh, 4
'Man, 1
me'?, 1
lenten, 1
players, 11
coted, 1
way,, 1
hither, 2
service., 3
plays, 1
welcome-, 1
tribute, 1
adventurous, 1
knight, 1
foil, 1
target;, 1
lover, 1
gratis;, 1
humorous, 1
peace;, 1
clown, 1
lungs, 1
tickle, 1
sere;, 1
lady, 3
freely,, 2
blank, 1
verse, 1
halt, 1
fort., 2
they?, 1
tragedians, 1
city., 1
travel?, 1
residence,, 1
reputation, 1
profit,, 1
inhibition, 1
innovation., 1
estimation, 1
city?, 1
follow'd?, 1
rusty?, 1
endeavour, 1
keeps, 3
wonted, 2
pace;, 1
eyrie, 1
children,, 1
eyases,, 1
cry, 3
tyrannically, 1
clapp'd, 1
berattle, 1
stages, 1
(so, 1
them), 1
wearing, 1
rapiers, 2
afraid, 1
goosequills, 1
scarce, 2
thither., 1
children?, 1
maintains, 1
'em?, 2
escoted?, 1
pursue, 2
longer, 3
sing?, 1
afterwards,, 1
themselves, 5
(as, 6
better),, 1
writers, 1
wrong, 3
exclaim, 1
succession., 1
sides;, 1
nation, 2
sin, 1
tarre, 1
controversy., 1
while,, 1
argument, 2
unless, 2
poet, 1
player, 2
cuffs, 1
question., 2
Is't, 3
possible?, 2
throwing, 1
brains., 1
boys, 1
carry, 3
away?, 1
Hercules, 2
load, 1
strange;, 1
mows, 1
lived, 1
twenty,, 1
forty,, 1
fifty,, 1
hundred, 1
ducats, 2
apiece, 1
picture, 1
little., 2
'Sblood,, 2
natural,, 1
philosophy, 1
Flourish, 1
players., 2
Gentlemen,, 1
hands,, 4
appurtenance, 1
ceremony., 1
comply, 2
garb,, 1
lest, 3
extent, 1
(which, 1
fairly, 1
outwards), 1
yours., 3
uncle-father, 1
aunt-mother, 1
deceiv'd., 1
mad, 7
north-north-west., 1
southerly, 1
hawk, 1
handsaw., 1
gentlemen!, 1
Hark, 1
Guildenstern-, 1
too-, 1
hearer!, 1
swaddling, 1
clouts., 1
Happily, 1
them;, 2
child., 1
prophesy, 2
it.-, 1
right,, 2
Monday, 1
morning;, 1
twas, 1
Roscius, 1
actor, 2
Rome-, 1
actors, 2
Buzz,, 1
buzz!, 1
honour-, 1
ass-, 1
tragedy,, 2
comedy,, 2
history,, 1
pastoral,, 1
pastoral-comical,, 1
historical-pastoral,, 1
tragical-historical,, 1
tragical-comical-historical-pastoral;, 1
scene, 3
individable,, 1
poem, 1
unlimited., 1
Seneca, 1
heavy,, 1
Plautus, 1
light., 1
only, 6
men., 1
Jephthah,, 2
judge, 3
Israel,, 1
hadst, 2
thou!, 1
'One, 1
more,, 7
loved, 2
passing, 2
well.', 1
Am, 2
Jephthah?, 1
follows, 2
'As, 1
lot,, 1
wot,', 1
'It, 1
pass,, 1
was.', 1
row, 1
chanson, 1
more;, 2
abridgment, 1
five, 2
welcome,, 2
masters;, 1
all.-, 2
well.-, 1
friends.-, 1
friend?, 2
valanc'd, 1
last., 1
Com'st', 1
to', 1
Denmark?-, 1
mistress?, 1
By'r, 1
Lady,, 3
ladyship, 1
altitude, 1
chopine., 1
Pray, 8
uncurrent, 1
gold,, 1
crack'd, 1
ring.-, 1
Masters,, 1
to't, 3
French, 4
falconers,, 1
fly, 4
see., 6
speech, 8
straight., 4
taste, 1
quality., 1
passionate, 2
speech., 2
1., 6
Play., 7
once,, 1
acted;, 1
once;, 1
play,, 4
remember,, 1
pleas'd, 2
million,, 1
'twas, 1
caviary, 1
general;, 1
receiv'd, 2
others,, 1
judgments, 2
matters, 1
cried, 2
mine), 1
digested, 1
scenes,, 1
modesty, 3
cunning., 1
sallets, 1
lines, 2
savoury,, 1
indict, 1
author, 2
affectation;, 1
call'd, 1
method,, 1
handsome, 1
fine., 1
One, 5
in't, 2
chiefly, 1
lov'd., 1
'Twas, 2
AEneas', 1
Dido,, 1
thereabout, 1
especially, 1
speaks, 4
Priam's, 1
slaughter., 1
memory,, 3
begin, 1
line-, 1
see,, 3
see:, 1
'The, 5
rugged, 2
Pyrrhus,, 2
Hyrcanian, 1
beast-', 1
so;, 1
begins, 1
Pyrrhus:, 1
arms,, 1
Black, 1
resemble, 1
couched, 1
ominous, 1
horse,, 1
black, 4
complexion, 1
smear'd, 1
heraldry, 1
dismal., 1
Head, 1
foot, 1
total, 1
gules,, 1
trick'd, 1
mothers,, 1
daughters,, 1
sons,, 1
Bak'd, 1
impasted, 1
parching, 1
streets,, 1
tyrannous, 1
lord's, 1
Roasted, 1
wrath, 1
o'ersized, 1
coagulate, 1
gore,, 1
carbuncles,, 1
hellish, 1
Pyrrhus, 4
Old, 1
grandsire, 1
Priam, 2
seeks.', 1
proceed, 1
Fore, 1
spoken,, 1
accent, 2
'Anon, 1
finds, 3
Striking, 1
Greeks., 1
antique, 2
Rebellious, 2
falls,, 2
Repugnant, 1
command., 1
Unequal, 1
match'd,, 1
drives,, 1
rage, 2
strikes, 1
wide;, 1
whiff, 1
sword, 4
unnerved, 1
falls., 2
senseless, 2
Ilium,, 1
Seeming, 1
feel, 1
blow,, 1
flaming, 2
Stoops, 1
base,, 2
hideous, 1
crash, 1
Takes, 1
prisoner, 1
Pyrrhus', 3
lo!, 1
declining, 1
milky, 1
reverend, 1
Priam,, 1
stick., 1
painted, 2
tyrant,, 1
stood,, 2
neutral, 1
storm,, 1
heavens,, 2
rack, 1
bold, 2
speechless,, 1
orb, 1
below, 2
hush, 1
death-, 2
anon, 2
thunder, 1
rend, 1
region;, 1
after, 9
pause,, 1
Aroused, 1
vengeance, 1
sets, 2
new, 2
awork;, 1
Cyclops', 1
hammers, 1
fall, 4
Mars's, 1
armour,, 1
forg'd, 1
proof, 3
eterne,, 1
remorse, 1
bleeding, 1
Priam., 1
Out,, 1
strumpet, 1
Fortune!, 1
gods,, 1
synod, 1
power;, 1
spokes, 2
fellies, 1
wheel,, 2
bowl, 1
nave, 1
hill, 1
low, 1
fiends!, 1
barber's,, 1
beard.-, 1
Prithee, 2
He's, 3
jig, 1
bawdry,, 1
sleeps., 2
Say, 3
Hecuba., 1
'But, 1
mobled, 2
queen-', 1
queen'?, 1
good!, 1
'Mobled, 1
queen', 1
'Run, 1
barefoot, 1
threat'ning, 1
bisson, 1
rheum;, 1
clout, 1
diadem, 2
robe,, 1
About, 2
lank, 1
o'erteemed, 1
loins,, 1
blanket,, 1
alarm, 1
caught, 2
up-, 1
seen,, 3
venom, 1
steep'd, 1
'Gainst, 1
treason, 3
pronounc'd., 1
gods, 1
sport, 2
Mincing, 1
husband's, 2
limbs,, 1
clamour, 1
(Unless, 1
mortal, 5
all), 1
milch, 1
burning, 2
gods.', 1
whe'r, 1
colour,, 1
more!, 4
soon.-, 1
bestow'd?, 1
hear?, 3
us'd;, 1
abstract, 1
brief, 1
chronicles, 1
After, 3
epitaph, 2
live., 1
according, 1
desert., 1
bodykins,, 1
better!, 1
Use, 2
desert,, 1
scape, 2
whipping?, 1
dignity., 1
deserve,, 1
merit, 2
bounty., 1
Follow, 5
play, 17
to-morrow., 1
Players, 4
[except, 1
First]., 1
Dost, 5
Can, 3
Gonzago'?, 1
ha't, 1
to-morrow, 1
need,, 1
study, 1
dozen, 2
sixteen, 1
insert, 1
in't,, 3
not?, 4
First, 1
Player.], 1
ye!, 1
[Exeunt, 6
peasant, 2
slave, 3
I!, 4
monstrous, 1
fiction,, 1
passion,, 4
Could, 6
force, 2
conceit, 1
visage, 3
wann'd,, 1
Tears, 2
distraction, 1
aspect,, 1
broken, 1
function, 1
suiting, 1
forms, 1
conceit?, 1
nothing!, 2
Hecuba!, 1
Hecuba, 1
Hecuba,, 1
weep, 2
cue, 1
have?, 2
drown, 5
stage, 2
cleave, 1
horrid, 2
speech;, 1
appal, 1
free,, 2
Confound, 1
ignorant,, 1
amaze, 1
faculties, 1
ears., 3
muddy-mettled, 1
rascal,, 1
peak, 1
John-a-dreams,, 1
unpregnant, 1
cause,, 4
damn'd, 4
defeat, 2
made., 1
coward?, 1
calls, 3
villain?, 1
breaks, 1
pate, 4
across?, 1
Plucks, 1
Tweaks, 1
nose?, 1
gives, 6
lie, 8
lungs?, 1
ha?, 2
'Swounds,, 2
pigeon-liver'd, 1
gall, 2
oppression, 1
bitter,, 1
fatted, 1
region, 1
kites, 1
slave's, 1
offal., 1
Bloody, 1
bawdy, 1
Remorseless,, 1
treacherous,, 1
lecherous,, 1
kindless, 1
vengeance!, 1
ass, 3
brave,, 1
murther'd,, 1
Prompted, 1
revenge, 3
(like, 1
whore), 1
unpack, 1
a-cursing, 1
drab,, 1
scullion!, 1
upon't!, 1
foh!, 1
About,, 1
brain!, 1
Hum,, 1
creatures,, 1
sitting, 1
cunning, 3
presently, 2
proclaim'd, 1
malefactions;, 1
murther,, 1
miraculous, 1
organ,, 2
Play, 1
murther, 4
uncle., 2
observe, 1
looks;, 2
tent, 1
quick., 1
blench,, 1
course., 1
devil;, 1
devil, 5
T', 3
pleasing, 1
shape;, 1
yea,, 1
perhaps, 3
weakness, 1
melancholy,, 1
potent, 2
spirits,, 1
Abuses, 1
damn, 1
grounds, 1
relative, 1
play's, 1
conscience, 4
Lords., 1
confusion,, 1
Grating, 1
harshly, 1
turbulent, 1
dangerous, 3
lunacy?, 1
confess, 3
feels, 1
distracted,, 1
forward, 1
sounded,, 1
crafty, 1
aloof, 1
well?, 2
forcing, 1
disposition., 1
Niggard, 1
question,, 2
pastime?, 1
o'erraught, 1
way., 2
joy, 5
court,, 1
already, 2
order, 2
beseech'd, 1
content, 2
inclin'd., 1
drive, 2
purpose, 5
delights., 1
Sweet, 2
too;, 3
closely, 1
accident,, 1
Affront, 1
Her, 8
(lawful, 1
espials), 1
bestow, 3
unseen,, 1
encounter, 1
frankly, 2
behav'd,, 1
If't, 2
affliction, 2
suffers, 3
wish, 3
beauties, 1
happy, 2
wildness., 1
hope, 5
honours., 1
Queen.], 1
here.-, 1
Gracious,, 1
ourselves.-, 1
Ophelia], 1
Read, 1
exercise, 2
loneliness.-, 1
blame, 1
prov'd,, 1
devotion's, 1
sugar, 1
Devil, 1
himself., 5
smart, 1
lash, 1
conscience!, 1
harlot's, 1
cheek,, 1
beautied, 1
plast'ring, 1
art,, 1
ugly, 1
helps, 1
deed, 7
word., 3
heavy, 4
burthen!, 1
coming., 2
withdraw,, 1
Polonius]., 1
be-, 1
question:, 1
nobler, 1
suffer, 3
slings, 1
arrows, 1
outrageous, 1
fortune, 3
troubles,, 1
opposing, 1
die-, 2
sleep-, 2
sleep, 3
heartache,, 1
shocks, 1
heir, 1
consummation, 1
Devoutly, 1
wish'd., 1
sleep., 3
dream:, 1
ay,, 2
there's, 3
rub!, 1
shuffled, 1
coil,, 1
pause., 2
respect, 2
calamity, 1
life., 6
whips, 1
scorns, 1
oppressor's, 1
proud, 2
contumely,, 1
pangs, 1
despis'd, 1
law's, 1
delay,, 1
insolence, 1
office,, 1
spurns, 1
patient, 2
unworthy, 2
quietus, 1
bare, 1
bodkin?, 1
fardels, 1
bear,, 1
grunt, 1
sweat, 2
weary, 1
undiscover'd, 1
country,, 1
bourn, 1
traveller, 1
returns-, 1
puzzles, 1
ills, 1
others, 2
of?, 1
cowards, 1
hue, 1
resolution, 1
sicklied, 1
thought,, 3
enterprises, 1
regard, 1
currents, 2
turn, 5
awry, 1
action.-, 1
Soft, 1
now!, 3
Ophelia!-, 1
Nymph,, 1
orisons, 1
sins, 1
rememb'red., 1
remembrances, 1
yours, 2
longed, 1
re-deliver., 1
right, 4
breath, 5
compos'd, 1
rich., 1
again;, 3
Rich, 1
wax, 2
givers, 1
unkind., 1
There,, 1
Ha,, 1
ha!, 1
honest?, 1
fair?, 1
lordship?, 1
fair,, 4
admit, 1
beauty., 1
beauty,, 1
commerce, 1
honesty?, 1
truly;, 1
sooner, 2
transform, 1
bawd, 1
translate, 1
likeness., 1
paradox,, 1
proof., 2
believ'd, 1
inoculate, 1
stock, 1
relish, 2
deceived., 1
nunnery!, 1
breeder, 1
sinners?, 1
accuse, 1
proud,, 1
revengeful,, 1
ambitious;, 1
offences, 1
beck, 1
imagination, 3
shape,, 1
fellows, 3
crawling, 1
heaven?, 2
knaves, 1
all;, 2
ways, 1
nunnery., 2
Where's, 1
home,, 1
shut, 1
fool, 4
nowhere, 1
house., 1
heavens!, 3
plague, 1
dowry:, 1
ice,, 1
snow,, 2
escape, 2
calumny., 1
marry, 2
fool;, 1
wise, 1
monsters, 1
nunnery,, 2
go;, 1
quickly, 1
heavenly, 2
powers,, 1
restore, 1
paintings, 1
too,, 5
enough., 1
face,, 2
yourselves, 1
another., 3
jig,, 1
amble,, 1
lisp;, 1
nickname, 1
creatures, 2
wantonness, 1
ignorance., 1
moe, 1
marriages., 1
already-, 1
live;, 1
o'erthrown!, 1
courtier's,, 1
scholar's,, 1
soldier's,, 1
expectancy, 1
rose, 4
glass, 2
mould, 1
form,, 1
observ'd, 1
observers-, 1
quite,, 1
quite, 2
down!, 1
ladies, 1
deject, 1
wretched,, 2
suck'd, 2
honey, 1
music, 2
vows,, 2
bells, 1
jangled,, 1
tune, 2
harsh;, 1
unmatch'd, 1
feature, 1
blown, 1
Blasted, 1
ecstasy., 1
woe, 5
see!, 1
Love?, 1
affections, 1
tend;, 1
spake,, 1
lack'd, 1
little,, 1
madness., 3
O'er, 2
melancholy, 1
brood;, 1
hatch, 1
disclose, 1
danger;, 1
prevent,, 1
quick, 6
determination, 1
down:, 1
speed, 3
England, 7
demand, 2
neglected, 2
tribute., 1
Haply, 1
seas,, 1
countries, 1
different,, 1
variable, 2
objects,, 1
expel, 2
something-settled, 1
brains, 2
origin, 1
commencement, 1
Sprung, 1
love.-, 1
fit,, 3
grief., 1
plac'd, 2
conference., 1
send, 3
confine, 1
think., 1
Madness, 1
ones, 2
unwatch'd, 1
hall, 2
pronounc'd, 1
trippingly, 1
mouth, 2
town, 1
crier, 1
lines., 1
gently;, 1
torrent,, 1
tempest,, 1
say), 1
whirlwind, 1
acquire, 1
beget, 1
temperance, 1
smoothness., 1
offends, 1
robustious, 1
periwig-pated, 1
tear, 2
tatters,, 1
rags,, 1
split, 1
cars, 1
groundlings,, 1
(for, 1
part), 1
capable, 1
inexplicable, 1
noise., 1
whipp'd, 1
o'erdoing, 1
Termagant., 1
out-herods, 1
Herod., 1
avoid, 2
Player., 2
warrant, 3
tame, 1
neither;, 1
tutor., 1
Suit, 1
word,, 2
action;, 1
special, 3
observance,, 1
o'erstep, 1
nature:, 1
overdone, 1
playing,, 2
mirror, 1
nature;, 2
feature,, 1
scorn, 1
image,, 1
pressure., 1
overdone,, 1
tardy, 2
unskilful, 1
laugh,, 2
judicious, 1
grieve;, 1
o'erweigh, 1
theatre, 1
others., 3
praise,, 1
highly, 1
profanely),, 1
neither, 5
having, 1
Christians,, 1
Christian,, 1
pagan,, 1
strutted, 1
bellowed, 1
Nature's, 1
journeymen, 1
men,, 2
imitated, 1
humanity, 1
abominably., 1
reform'd, 1
indifferently, 1
reform, 1
altogether!, 1
clowns, 1
quantity, 3
barren, 1
spectators, 1
necessary, 2
considered., 1
villanous, 1
pitiful, 1
ready., 2
work?, 1
Bid, 1
haste,, 1
hasten, 1
just, 2
e'er, 1
conversation, 1
cop'd, 1
flatter;, 1
advancement, 1
revenue, 1
feed, 4
clothe, 1
flatter'd?, 1
candied, 1
lick, 1
absurd, 1
pomp,, 1
crook, 1
hinges, 1
knee, 1
thrift, 1
fawning., 1
distinguish,, 1
election, 3
scald, 1
herself., 1
one,, 1
suff'ring, 1
nothing;, 1
buffets, 1
rewards, 1
Hast, 1
blest, 1
commingled, 1
pipe, 1
finger, 1
stop, 3
please., 1
passion's, 1
slave,, 1
wear, 4
heart's, 1
core,, 1
circumstance,, 1
death., 7
prithee,, 1
seest, 1
afoot,, 1
comment, 1
occulted, 1
guilt, 3
unkennel, 1
imaginations, 1
Vulcan's, 1
stithy., 1
heedful, 1
note;, 1
rivet, 1
join, 2
seeming., 1
steal, 1
detecting,, 1
pay, 3
theft., 1
Sound, 1
flourish., 1
Trumpets, 1
Kettledrums., 1
Danish, 5
march., 1
attendant,, 1
Guard, 1
carrying, 1
torches., 1
idle., 1
fares, 2
Excellent,, 1
faith;, 1
chameleon's, 1
dish., 1
eat, 5
promise-cramm'd., 1
capons, 1
answer,, 2
mine., 2
now., 4
university,, 1
accounted, 1
actor., 1
enact?, 1
enact, 1
Caesar;, 1
kill'd, 4
Capitol;, 1
Brutus, 1
brute, 1
kill, 4
capital, 2
calf, 1
patience., 1
mother., 9
Here's, 6
metal, 1
attractive., 1
King], 1
lap?, 2
[Sits, 1
Ophelia's, 1
feet.], 1
country, 1
matters?, 1
nothing,, 2
maids', 1
legs., 1
Nothing., 1
merry,, 1
I?, 1
jig-maker!, 1
merry?, 1
cheerfully, 2
's, 1
hours., 1
months,, 1
suit, 1
sables., 1
die, 3
ago,, 1
forgotten, 1
yet?, 1
outlive, 1
half, 3
year., 3
by'r, 1
build, 1
churches, 1
hobby-horse,, 1
'For, 1
hobby-horse, 1
forgot!', 1
Hautboys, 1
enters., 1
lovingly;, 1
embracing, 1
kneels,, 1
protestation, 1
up,, 2
declines, 1
neck., 1
lays, 1
bank, 1
flowers., 1
She,, 1
asleep,, 1
leaves, 3
Anon, 1
fellow,, 1
kisses, 2
pours, 1
poison, 6
sleeper's, 1
returns,, 1
action., 1
Poisoner, 2
Mutes,, 1
condole, 1
carried, 1
wooes, 1
gifts;, 1
harsh, 2
unwilling, 1
accepts, 1
miching, 1
malhecho;, 1
mischief., 1
Belike, 1
imports, 4
Prologue., 1
fellow., 2
counsel;, 1
they'll, 1
meant?, 1
asham'd, 1
he'll, 1
shame, 5
means., 1
naught,, 1
naught!, 1
Pro., 1
stooping, 1
clemency,, 1
beg, 5
patiently., 1
[Exit.], 2
prologue,, 1
posy, 1
ring?, 1
woman's, 1
[two, 1
as], 1
Full, 1
thirty, 3
Phoebus', 1
cart, 1
wash, 2
Tellus', 1
orbed, 1
ground,, 2
dozed, 1
moons, 1
borrowed, 1
sheen, 1
twelve, 2
thirties, 1
been,, 1
hearts,, 1
Hymen, 1
Unite, 1
comutual, 1
sacred, 1
bands., 1
journeys, 1
moon, 1
done!, 1
me!, 4
late,, 1
distrust, 1
Yet,, 1
distrust,, 1
Discomfort, 1
must;, 1
women's, 1
quantity,, 1
aught,, 1
extremity., 1
know;, 2
siz'd,, 1
great,, 2
littlest, 1
doubts, 1
fear;, 1
fears, 2
shortly, 4
operant, 1
powers, 2
functions, 1
do., 2
behind,, 1
Honour'd,, 1
belov'd,, 1
haply, 2
husband, 6
thou-, 1
confound, 1
rest!, 2
breast., 1
accurst!, 1
None, 2
wed, 1
killed, 1
Wormwood,, 1
wormwood!, 1
instances, 1
respects, 1
bed., 3
determine, 1
break., 1
Purpose, 1
birth,, 1
validity;, 1
unripe,, 1
sticks, 1
tree,, 1
fill, 1
unshaken, 1
mellow, 1
debt., 1
propose,, 1
ending,, 1
lose., 1
enactures, 1
destroy., 1
revels,, 1
lament;, 1
Grief, 1
joys,, 1
grieves,, 1
slender, 1
accident., 2
aye,, 1
fortunes, 2
change;, 1
prove,, 1
fortune,, 3
favourite, 1
flies,, 1
advanc'd, 1
enemies;, 1
tend,, 2
want, 2
hollow, 1
try,, 1
Directly, 1
seasons, 1
enemy., 2
orderly, 1
begun,, 1
wills, 1
contrary, 1
run, 1
devices, 1
overthrown;, 1
ours,, 2
ends, 1
own., 2
wed;, 1
lord, 3
food,, 1
light,, 1
Sport, 1
repose, 1
desperation, 1
trust, 2
anchor's, 1
scope,, 1
Each, 3
opposite, 1
blanks, 1
destroy,, 1
hence, 3
lasting, 1
strife,, 1
If,, 1
widow,, 1
wife!, 1
deeply, 1
sworn., 1
Sweet,, 1
dull,, 1
beguile, 1
Sleep, 1
rock, 1
[He], 1
mischance, 2
twain!, 1
play?, 2
protest, 1
methinks., 1
she'll, 2
argument?, 1
in't?, 2
no!, 2
jest,, 2
jest;, 1
world., 2
Mousetrap.', 1
how?, 1
Tropically., 1
Vienna., 1
Gonzago, 1
duke's, 1
name;, 1
wife,, 2
Baptista., 1
anon., 1
knavish, 2
work;, 2
Majesty,, 2
souls,, 2
touches, 1
gall'd, 1
jade, 1
winch;, 1
withers, 1
unwrung., 1
Lucianus., 1
Lucianus,, 1
chorus,, 1
interpret, 1
puppets, 1
dallying., 1
keen,, 1
keen., 1
cost, 2
groaning, 1
edge., 1
better,, 1
worse., 1
husbands.-, 1
Begin,, 1
murtherer., 1
Pox,, 1
damnable, 1
faces,, 1
begin!, 1
croaking, 1
raven, 1
bellow, 1
Luc., 1
Thoughts, 2
apt,, 1
drugs, 1
agreeing;, 1
Confederate, 1
season,, 1
creature, 2
seeing;, 1
mixture, 1
rank,, 2
midnight, 1
weeds, 3
collected,, 1
Hecate's, 1
ban, 1
blasted,, 1
infected,, 1
magic, 1
dire, 1
usurp, 1
immediately., 1
Pours, 1
poisons, 1
for's, 2
estate., 2
name's, 1
Gonzago., 1
story, 1
extant,, 1
written, 1
Italian., 1
murtherer, 2
gets, 1
Gonzago's, 1
wife., 1
rises., 1
frighted, 1
fire?, 1
light!, 1
Away!, 2
Lights,, 1
lights,, 1
lights!, 1
strucken, 1
deer, 1
weep,, 1
hart, 1
ungalled, 1
sleep:, 1
runs, 2
forest, 1
feathers-, 1
Turk, 1
me-with, 1
Provincial, 1
roses, 1
raz'd, 1
shoes,, 1
get, 4
fellowship, 1
players,, 1
sir?, 5
Half, 1
share., 1
Damon, 1
dear,, 1
realm, 1
dismantled, 1
Jove, 2
himself;, 3
reigns, 1
very,, 1
very-, 1
pajock., 1
rhym'd., 1
ghost's, 1
pound!, 1
Didst, 1
perceive?, 1
poisoning?, 1
Aha!, 1
music!, 2
recorders!, 2
belike, 1
perdy., 1
history., 1
sir-, 1
him?, 1
retirement,, 1
marvellous, 1
distemper'd., 1
drink,, 5
choler., 2
richer, 1
signify, 2
doctor;, 1
purgation, 1
plunge, 1
wildly, 2
affair., 2
tame,, 2
pronounce., 1
courtesy, 1
breed., 1
commandment;, 1
pardon, 4
cannot., 3
answer;, 1
wit's, 1
diseas'd., 1
command;, 2
rather,, 2
say-, 1
says:, 1
behaviour, 1
amazement, 2
admiration., 1
wonderful, 1
stonish, 1
mother!, 4
sequel, 1
heels, 3
admiration?, 1
Impart., 1
closet, 2
trade, 2
us?, 1
pickers, 1
stealers!, 1
distemper?, 1
surely, 1
bar, 1
door, 2
deny, 2
griefs, 1
friend., 1
advancement., 1
succession, 1
Denmark?, 2
'while, 1
grass, 1
grows'-, 1
proverb, 1
musty., 1
recorders., 1
withdraw, 1
you-, 2
toil?, 1
bold,, 1
unmannerly., 1
pipe?, 2
easy, 1
lying., 1
Govern, 1
ventages, 1
thumbs,, 1
eloquent, 1
stops., 1
utt'rance, 1
harmony., 1
skill., 1
stops;, 1
pluck, 2
mystery;, 1
lowest, 1
compass;, 1
music,, 1
easier, 1
Call, 1
instrument, 2
fret, 1
bless, 3
yonder, 2
cloud, 1
camel?, 1
camel, 1
Methinks, 1
weasel., 2
back'd, 1
whale., 2
by-and-by.-, 1
bent.-, 1
by-and-by., 2
'By-and-by', 1
easily, 1
said.-, 1
Hamlet.], 2
witching, 1
churchyards, 1
yawn,, 1
breathes, 1
Contagion, 1
quake, 1
Soft!, 2
Nero, 1
firm, 1
bosom., 1
cruel,, 2
unnatural;, 1
daggers, 2
hypocrites-, 1
somever, 1
shent,, 1
seals, 1
consent!, 1
safe, 2
range., 1
prepare, 2
forthwith, 1
dispatch,, 1
along, 1
estate, 1
endure, 1
Hazard, 1
hourly, 1
lunacies., 1
provide., 1
religious, 1
bodies, 3
single, 2
peculiar, 1
strength, 1
noyance;, 1
weal, 1
rests, 1
many., 1
cesse, 1
Dies, 2
alone,, 1
gulf, 1
massy, 1
Fix'd, 1
highest, 1
mount,, 1
huge, 1
lesser, 1
mortis'd, 1
adjoin'd;, 1
small, 1
annexment,, 1
consequence,, 1
Attends, 1
boist'rous, 1
ruin., 1
sigh,, 2
groan., 1
Arm, 1
th',, 1
speedy, 1
voyage;, 1
fetters, 1
free-footed., 1
Gentlemen., 2
closet., 2
Behind, 2
convey, 1
process., 1
tax, 1
home;, 1
wisely, 1
partial,, 1
o'erhear, 1
vantage., 1
liege., 1
smells, 1
heaven;, 2
primal, 1
eldest, 1
curse, 1
upon't,, 1
murther!, 2
sharp, 1
stronger, 4
defeats, 1
intent,, 1
bound,, 1
pause, 1
begin,, 2
neglect., 1
thicker, 1
rain, 1
heavens, 1
snow?, 1
Whereto, 1
serves, 2
confront, 1
offence?, 2
prayer, 2
twofold, 1
force,, 1
forestalled, 1
fall,, 2
pardon'd, 2
down?, 1
past., 1
serve, 2
turn?, 1
'Forgive, 1
murther'?, 1
possess'd, 1
effects, 1
murther-, 1
ambition,, 1
retain, 1
corrupted, 1
Offence's, 1
gilded, 1
shove, 1
justice,, 1
prize, 1
Buys, 1
law;, 1
above., 1
shuffling;, 1
compell'd,, 1
teeth, 1
forehead, 2
faults,, 1
evidence., 1
rests?, 1
Try, 1
repentance, 1
can., 1
repent?, 1
wretched, 1
state!, 1
death!, 1
limed, 1
struggling, 1
engag'd!, 1
Help,, 2
angels!, 1
assay., 1
Bow,, 1
stubborn, 1
knees;, 1
strings, 1
soft, 2
sinews, 1
new-born, 1
babe!, 1
kneels., 1
pat,, 1
praying;, 1
do't., 3
reveng'd., 1
scann'd., 1
kills, 3
sole, 1
hire, 1
salary,, 1
revenge!, 2
grossly,, 1
bread,, 1
broad, 2
blown,, 1
flush, 1
May;, 1
audit, 1
stands,, 1
knows, 2
reveng'd,, 1
seasoned, 1
passage?, 1
No., 2
Up,, 1
hent., 1
drunk, 1
asleep;, 1
rage;, 1
pleasure, 2
bed;, 2
salvation, 1
in't-, 1
trip, 1
kick, 1
whereto, 2
goes., 1
stays., 1
physic, 1
prolongs, 1
sickly, 2
days., 1
[rises], 1
below., 1
Words, 1
Queen's, 1
home, 2
Tell, 4
pranks, 1
with,, 1
Grace, 2
screen'd, 1
Much, 1
heat, 1
here., 1
Mother,, 4
Withdraw;, 1
[Polonius, 1
hides, 1
arras.], 1
forgot, 2
rood,, 1
so!, 2
(would, 1
so!), 1
budge, 1
inmost, 1
help,, 4
[behind], 2
help!, 1
[draws], 1
rat?, 1
Dead, 1
ducat,, 1
[Makes, 1
and], 2
slain!, 1
done?, 2
rash, 1
bloody, 5
deed-, 1
bad,, 1
king?, 2
[Lifts, 1
sees, 2
rash,, 2
intruding, 1
fool,, 1
farewell!, 1
better., 1
fortune., 2
find'st, 1
busy, 1
danger., 1
wringing, 1
hinds., 1
wring, 1
penetrable, 1
stuff;, 1
braz'd, 1
bulwark, 1
sense., 3
dar'st, 1
wag, 1
noise, 7
rude, 2
blurs, 1
blush, 1
modesty;, 1
Calls, 1
hypocrite;, 1
innocent, 1
blister, 1
there;, 2
dicers', 1
oaths., 1
contraction, 1
plucks, 1
religion, 1
rhapsody, 1
words!, 1
Heaven's, 1
glow;, 1
solidity, 1
compound, 1
tristful, 1
doom,, 1
thought-sick, 1
Ay, 2
roars, 1
loud, 2
thunders, 1
index?, 1
th's, 1
picture,, 1
counterfeit, 1
presentment, 1
brothers., 1
seated, 1
brow;, 1
Hyperion's, 1
curls;, 1
front, 1
Mars,, 1
threaten, 1
herald, 1
Mercury, 1
New, 1
lighted, 1
heaven-kissing, 1
hill:, 1
combination, 1
seal, 1
assurance, 2
husband., 1
follows., 1
husband,, 1
mildew'd, 1
Blasting, 1
eyes?, 1
mountain, 3
feed,, 1
batten, 1
moor?, 1
Ha!, 1
love;, 1
heyday, 1
it's, 1
humble,, 1
waits, 1
judgment;, 1
step, 2
Sense, 1
Else, 1
motion;, 1
sense, 7
apoplex'd;, 1
err,, 1
ecstacy, 1
ne'er, 2
thrall'd, 1
reserv'd, 1
difference., 1
was't, 1
cozen'd, 1
hoodman-blind?, 1
Eyes, 1
feeling,, 1
feeling, 2
Ears, 1
smelling, 1
sans, 1
mope., 1
blush?, 1
mutine, 1
matron's, 1
melt, 1
Proclaim, 1
compulsive, 1
ardour, 1
charge,, 3
frost, 1
actively, 1
burn,, 1
panders, 1
turn'st, 1
grained, 1
spots, 1
tinct., 1
enseamed, 1
Stew'd, 1
corruption,, 2
honeying, 1
making, 2
Over, 2
nasty, 1
sty!, 1
twentieth, 1
tithe, 1
precedent, 2
vice, 3
kings;, 1
cutpurse, 1
rule,, 1
shelf, 1
precious, 2
stole, 2
pocket!, 1
nightgown., 1
shreds, 1
patches!-, 1
Save, 2
hover, 1
wings,, 1
guards!, 1
figure?, 1
mad!, 1
chide,, 1
laps'd, 1
important, 1
acting, 1
command?, 1
say!, 1
forget., 1
whet, 1
blunted, 1
sits., 1
fighting, 2
Conceit, 2
weakest, 1
strongest, 1
works., 1
lady?, 2
vacancy,, 1
encorporal, 1
discourse?, 1
Forth, 1
peep;, 1
soldiers, 2
alarm,, 1
bedded, 1
hairs,, 1
excrements,, 1
Start, 1
end., 4
beat, 1
flame, 2
distemper, 1
Sprinkle, 1
cool, 1
patience!, 1
look?, 1
glares!, 1
conjoin'd,, 1
preaching, 1
stones,, 1
capable.-, 1
Lest, 1
convert, 1
stern, 1
effects., 1
colour-, 1
Nothing, 3
there!, 1
steals, 1
liv'd!, 1
portal!, 1
coinage, 1
brain., 1
bodiless, 1
creation, 1
Ecstasy?, 1
pulse, 1
temperately, 1
healthful, 1
utt'red., 1
test,, 1
reword;, 1
gambol, 1
from., 1
Lay, 2
flattering, 1
unction, 2
trespass, 1
speaks., 1
skin, 1
film, 1
ulcerous, 1
Whiles, 1
mining, 1
within,, 1
Infects, 1
unseen., 1
Confess, 1
Repent, 1
past;, 1
come;, 1
spread, 2
compost, 1
ranker., 1
Forgive, 1
virtue;, 1
fatness, 1
pursy, 1
beg-, 1
curb, 1
woo, 1
cleft, 1
twain., 1
worser, 1
purer, 1
half,, 1
night-, 1
uncle's, 1
Assume, 1
monster,, 1
custom,, 1
habits, 1
evil,, 1
likewise, 1
frock, 1
aptly, 1
Refrain, 1
easiness, 1
next, 3
abstinence;, 1
easy;, 1
[master], 1
devil,, 1
potency., 1
night;, 1
desirous, 1
blest,, 1
repent;, 1
punish, 1
scourge, 2
minister., 1
kind;, 1
begins,, 1
worse, 1
behind., 1
lady., 1
do:, 1
bloat, 1
Pinch, 1
wanton, 2
cheek;, 1
mouse;, 1
pair, 2
reechy, 1
kisses,, 1
paddling, 1
neck, 2
fingers,, 1
ravel, 1
essentially, 1
craft., 1
'Twere, 4
sober,, 1
wise,, 1
paddock,, 1
bat,, 1
gib, 1
concernings, 1
hide?, 1
despite, 1
secrecy,, 1
Unpeg, 1
basket, 2
house's, 1
top,, 1
birds, 1
fly,, 1
famous, 1
ape,, 2
conclusions,, 1
creep, 1
assur'd,, 1
England;, 2
Alack,, 3
forgot!, 1
concluded, 1
seal'd;, 1
schoolfellows,, 1
Whom, 1
adders, 1
fang'd,, 1
mandate;, 1
marshal, 1
knavery., 1
enginer, 1
Hoist, 1
petar;, 1
't, 1
delve, 1
yard, 1
mines, 1
blow, 2
line, 1
crafts, 1
directly, 1
meet., 4
packing., 1
lug, 1
guts, 2
neighbour, 1
room.-, 1
night.-, 1
counsellor, 1
secret,, 1
grave,, 1
peating, 1
Then], 1
tugging, 1
sighs., 1
heaves, 1
translate;, 1
son?, 1
Bestow, 1
while., 1
Guildenstern.], 1
to-night!, 1
Gertrude?, 1
contend, 1
mightier., 1
stir,, 1
Whips, 1
rapier,, 1
'A, 5
rat,, 1
rat!', 1
brainish, 1
unseen, 1
deed!, 1
liberty, 1
threats, 1
answer'd?, 1
laid, 6
providence, 2
Should, 4
short,, 1
restrain'd,, 1
haunt, 1
owner, 1
disease,, 1
divulging,, 1
gone?, 1
apart, 1
kill'd;, 1
ore, 1
Among, 1
mineral, 1
metals, 1
Shows, 1
pure., 1
weeps, 1
done., 4
mountains, 1
ship, 1
hence;, 1
skill, 2
excuse., 1
Ho,, 2
Guildenstern!, 2
both,, 1
aid., 1
slain,, 1
dragg'd, 1
out;, 1
chapel., 2
[Rosencrantz, 1
Guildenstern]., 1
untimely, 1
[So, 1
slander-], 1
diameter,, 1
level, 2
blank,, 1
Transports, 1
poisoned, 1
shot-, 1
miss, 1
hit, 2
woundless, 1
air.-, 1
discord, 1
dismay., 1
passage, 2
Safely, 1
stow'd., 1
noise?, 1
body?, 1
Compounded, 1
dust,, 1
kin., 1
'tis,, 1
what?, 1
counsel,, 1
Besides,, 1
demanded, 1
sponge,, 3
replication, 1
soaks, 1
countenance,, 1
rewards,, 1
authorities., 1
officers, 1
corner, 1
jaw;, 1
mouth'd,, 1
Swallowed., 1
glean'd,, 1
squeezing, 1
dry, 2
sleeps, 2
thing-, 1
Hide, 1
fox,, 1
loose!, 1
lov'd, 4
multitude,, 1
judgment,, 1
eyes;, 2
offender's, 1
offence., 1
sending, 1
Deliberate, 1
Diseases, 1
appliance, 1
reliev'd,, 1
befall'n?, 1
bestow'd,, 1
Without,, 1
guarded,, 1
pleasure., 2
where's, 1
supper., 1
supper?, 1
Where?, 1
eats,, 1
eaten., 1
convocation, 1
politic, 1
worms, 1
worm, 2
emperor, 1
diet., 1
maggots., 1
lean, 1
beggar, 1
service-, 1
dishes,, 1
table., 2
alas!, 1
fish, 2
worm., 1
progress, 1
beggar., 1
Send, 1
thither, 2
messenger, 1
nose, 1
stair,, 1
Attendants.], 2
deed,, 1
especial, 1
safety,-, 1
dearly, 1
grieve, 1
done,-, 1
quickness., 1
bark, 1
ready, 1
associates, 1
everything, 2
bent, 1
England., 3
England?, 2
Good., 1
knew'st, 1
purposes., 1
cherub, 1
England!, 2
Father, 1
wife, 1
flesh;, 1
foot;, 1
aboard., 1
Delay, 1
leans, 1
England,, 3
hold'st, 1
aught,-, 1
thereof, 1
cicatrice, 1
raw, 1
red, 1
awe, 2
Pays, 1
homage, 1
us,-, 1
mayst, 1
process,, 1
congruing, 1
effect,, 2
hectic, 1
rages,, 1
cure, 1
Howe'er, 1
haps,, 1
joys, 1
begun., 1
Near, 1
Army, 1
For., 2
Captain,, 1
greet, 1
license, 1
Craves, 1
conveyance, 1
promis'd, 2
kingdom., 2
rendezvous., 1
eye;, 1
Capt., 7
softly, 1
Captain]., 1
[Guildenstern,], 1
these?, 1
purpos'd,, 1
Poland., 1
commands, 1
Fortinbras., 3
Poland,, 2
frontier?, 1
Truly, 2
addition,, 1
gain, 2
patch, 2
ground, 2
name., 1
ducats,, 1
five,, 1
yield, 2
Pole, 1
ranker, 1
rate,, 1
sold, 1
fee., 1
Polack, 2
garrison'd., 1
souls, 1
twenty, 2
debate, 1
straw., 1
imposthume, 1
wealth, 1
peace,, 1
breaks,, 1
dies.-, 1
Will't, 1
before., 1
occasions, 1
spur, 1
market, 1
feed?, 1
Sure, 1
large, 1
discourse,, 1
Looking, 1
after,, 1
capability, 1
godlike, 1
fust, 1
unus'd., 1
Bestial, 1
oblivion,, 1
craven, 1
scruple, 1
precisely, 1
event,-, 1
quarter'd,, 1
coward,-, 1
thing's, 1
do,', 1
strength,, 1
Examples, 1
exhort, 1
Witness, 1
army, 1
mass, 1
Led, 1
delicate, 2
divine, 1
puff'd,, 1
mouths, 1
invisible, 1
event,, 1
Exposing, 1
unsure, 1
dare,, 1
eggshell., 1
Rightly, 1
argument,, 1
greatly, 1
quarrel, 1
straw, 1
honour's, 1
stake., 1
klll'd,, 1
stain'd,, 1
Excitements, 1
imminent, 1
fantasy, 1
trick, 2
fame, 2
beds,, 1
fight, 2
plot, 1
numbers, 1
tomb, 1
continent, 2
slain?, 1
forth,, 1
bloody,, 1
worth!, 1
Gentleman., 1
Gent., 2
importunate,, 1
distract., 1
mood, 1
pitied., 1
tricks, 1
hems,, 1
beats, 1
Spurns, 1
enviously, 1
straws;, 1
doubt,, 1
unshaped, 1
hearers, 1
collection;, 1
aim, 1
botch, 1
thoughts;, 1
Which,, 1
winks, 1
nods, 1
gestures, 1
Indeed, 1
unhappily., 1
spoken, 1
with;, 1
strew, 1
Dangerous, 1
conjectures, 1
ill-breeding, 1
minds., 1
Gentleman.], 1
sin's, 1
is), 1
Prologue, 1
amiss., 2
artless, 1
jealousy, 1
spills, 1
fearing, 1
spilt., 1
Ophelia, 2
distracted., 1
beauteous, 1
(sings), 4
true-love, 2
one?, 1
cockle, 1
bat, 1
and', 1
staff, 1
sandal, 1
shoon., 1
song?, 1
mark., 3
(Sings), 5
gone;, 1
grass-green, 1
turf,, 1
stone., 1
Ophelia-, 1
White, 1
shroud, 1
snow-, 1
Larded, 2
flowers;, 1
bewept, 1
showers., 1
pretty, 1
dild, 1
owl, 1
baker's, 1
Lord,, 2
are,, 1
table!, 1
this;, 1
ask,, 1
this:, 1
To-morrow, 2
Valentine's, 1
bedtime,, 1
window,, 1
Valentine., 1
donn'd, 1
clo'es, 1
dupp'd, 1
chamber, 1
door,, 1
maid,, 3
departed, 1
Pretty, 1
Ophelia!, 2
la,, 1
[Sings], 3
Gis, 1
Charity,, 1
fie, 1
Young, 3
do't, 2
Cock,, 1
blame., 2
Quoth, 1
'Before, 1
tumbled, 1
wed.', 1
answers:, 1
'So, 1
'a', 1
sun,, 1
bed.', 1
thus?, 2
patient;, 1
cold, 2
counsel., 1
coach!, 1
ladies., 2
close;, 1
Horatio.], 2
springs, 1
sorrows, 1
spies., 1
battalions!, 1
First,, 1
slain;, 2
Next,, 1
remove;, 1
people, 1
muddied,, 1
Thick, 1
unwholesome, 1
whispers, 1
Polonius', 1
greenly, 1
hugger-mugger, 1
inter, 1
Poor, 1
Divided, 1
fair-judgment,, 1
Pictures, 1
beasts;, 1
Last,, 1
containing, 1
buzzers, 1
infect, 1
Feeds, 1
wonder,, 2
clouds,, 2
speeches, 1
necessity,, 1
beggar'd,, 1
stick, 1
person, 2
arraign, 1
murd'ring, 1
piece,, 1
places, 1
Give,, 1
superfluous, 1
within., 2
Switzers?, 1
guard, 1
door., 2
Messenger., 2
Mess., 3
Yourself,, 1
lord:, 1
ocean,, 1
overpeering, 1
Eats, 1
flats, 1
impetuous, 1
riotous, 1
O'erbears, 1
offices., 1
rabble, 1
Antiquity, 1
forgot,, 1
known,, 1
ratifiers, 1
props, 1
'Choose, 1
we!, 1
king!', 2
Caps,, 1
tongues, 2
applaud, 1
'Laertes, 1
king!, 1
cry!, 1
counter,, 1
dogs!, 1
broke., 1
king?-, 1
Sirs,, 1
staid, 1
without., 1
in!, 1
Keep, 2
Followers.], 1
father!, 1
Calmly,, 1
drop, 1
calm, 2
bastard;, 1
Cries, 1
cuckold, 1
brands, 1
harlot, 1
unsmirched, 1
brows, 1
rebellion, 1
giantlike?, 1
Gertrude., 3
person., 1
divinity, 2
hedge, 1
peep, 1
would,, 1
Acts, 1
incens'd., 2
Dead., 1
fill., 1
dead?, 1
juggled, 1
with:, 1
allegiance!, 1
blackest, 1
Conscience, 1
profoundest, 1
pit!, 1
damnation., 1
stand,, 1
negligence,, 1
comes;, 1
reveng'd, 1
throughly, 1
certainty, 1
swoopstake, 1
foe,, 1
Winner, 1
loser?, 1
enemies., 1
ope, 1
life-rend'ring, 1
pelican,, 1
Repast, 1
child, 1
guiltless, 1
sensibly, 1
pierce, 1
within:, 1
'Let, 1
in.', 1
brains!, 1
seven, 1
Burn, 1
eye!, 1
paid, 1
weight, 1
beam., 1
May!, 1
Dear, 1
possible, 2
maid's, 1
wits, 2
life?, 1
Nature, 1
fine, 7
instance, 1
bore, 4
barefac'd, 1
bier, 1
(Hey, 1
non, 1
nony,, 2
hey, 1
nony), 1
rain'd, 1
tear., 1
dove!, 1
Hadst, 1
wits,, 1
persuade, 1
sing, 4
'A-down, 1
a-down,, 1
a-down-a.', 1
wheel, 1
becomes, 2
steward,, 1
master's, 1
nothing's, 1
rosemary,, 1
remember., 2
pansies,, 1
document, 1
madness!, 1
fitted., 1
fennel, 1
columbines., 1
rue, 2
herb, 1
Sundays., 1
difference!, 1
daisy., 1
violets,, 1
wither'd, 1
died., 1
bonny, 1
Robin, 1
joy., 1
Thought, 1
affliction,, 1
itself,, 1
turns, 1
prettiness., 1
again?, 2
dead;, 2
deathbed;, 1
flaxen, 1
poll., 1
moan., 1
'a'mercy, 1
Christian, 4
God., 1
wi',, 1
God?, 1
commune, 1
right., 2
apart,, 1
collateral, 1
touch'd,, 1
give,, 1
satisfaction;, 1
patience, 3
jointly, 1
labour, 1
due, 1
content., 1
obscure, 1
funeral-, 1
trophy,, 1
hatchment, 1
rite, 1
formal, 1
ostentation,-, 1
Cry, 1
heard,, 3
call't, 1
shall;, 1
axe, 1
fall., 1
VI., 1
Servant., 1
Seafaring, 1
Attendant.], 1
greeted,, 1
Sailors., 1
Sailor., 2
an't, 1
letter, 1
sir,-, 1
ambassador, 1
England-, 1
(reads, 1
letter), 1
'Horatio,, 1
overlook'd, 1
pirate, 1
appointment, 1
chase., 1
Finding, 1
compelled, 1
valour,, 1
grapple, 1
boarded, 1
got, 2
clear, 1
ship;, 1
became, 1
prisoner., 1
dealt, 1
thieves, 1
mercy;, 1
did:, 1
sent,, 1
repair, 2
dumb;, 1
am., 1
'He, 1
knowest, 1
letters,, 1
speedier, 1
VII., 1
acquittance, 1
seal,, 1
knowing, 2
slain, 1
Pursued, 1
appears., 1
proceeded, 1
feats, 1
crimeful, 1
safety,, 1
wisdom,, 1
else,, 1
mainly, 1
stirr'd, 1
reasons,, 2
perhaps,, 1
seein, 1
unsinew'd,, 1
strong., 1
Lives, 1
myself,-, 1
plague,, 1
which,-, 1
She's, 1
conjunctive, 1
moves, 2
sphere,, 1
public, 1
gender, 1
dipping, 1
Would,, 1
turneth, 1
wood, 1
stone,, 1
Convert, 1
graces;, 1
arrows,, 1
slightly, 1
timber'd, 1
wind,, 1
reverted, 1
aim'd, 1
driven, 1
desp'rate, 2
praises, 1
Stood, 1
challenger, 1
mount, 1
perfections., 1
flat, 2
shook, 1
danger,, 1
pastime., 1
ourself,, 1
imagine-, 1
Messenger, 1
letters., 1
news?, 1
Letters,, 1
Hamlet:, 1
Majesty;, 1
say;, 1
Claudio;, 1
[Reads]'High, 1
Mighty,-You, 1
naked, 1
kingly, 1
(first, 1
asking, 1
thereunto), 1
recount, 1
return., 1
'HAMLET.', 1
mean?, 1
back?, 1
abuse,, 1
thing?, 1
Know, 1
hand?, 1
'Naked!', 1
postscript, 1
'alone.', 1
advise, 1
warms, 1
sickness, 1
teeth,, 1
'Thus, 1
didest, 1
thou.', 1
otherwise?),, 1
rul'd, 1
o'errule, 1
checking, 1
voyage,, 1
undertake, 2
exploit, 1
ripe, 1
device,, 1
Under, 2
fall;, 1
uncharge, 1
practice, 2
rul'd;, 1
devise, 1
organ., 1
travel, 1
hearing,, 1
shine,, 1
envy, 2
regard,, 1
unworthiest, 1
siege., 1
riband, 1
youth-, 1
needfull, 1
careless, 1
livery, 1
Thin, 1
settled, 1
sables, 1
weeds,, 1
graveness., 1
gentleman, 5
Normandy., 1
serv'd, 1
against,, 1
French,, 1
horseback;, 1
gallant, 1
in't., 2
grew, 1
seat,, 1
doing, 1
horse, 2
incorps'd, 1
demi-natur'd, 1
beast., 1
topp'd, 1
forgery, 1
tricks,, 1
did., 1
Norman, 1
was't?, 1
Norman., 1
Lamound., 1
same., 1
broach, 1
gem, 1
nation., 1
masterly, 1
defence,, 1
rapier, 1
especially,, 1
'twould, 1
sight, 3
match, 1
scrimers, 1
swore, 1
guard,, 1
oppos'd, 1
envenom, 1
painting, 1
sorrow,, 1
heart,', 1
ask, 1
begun, 2
passages, 1
proof,, 1
qualifies, 1
spark, 1
fire, 1
wick, 1
snuff, 1
abate, 1
goodness, 1
goodness,, 1
growing, 1
plurisy,, 1
too-much., 1
would;, 1
'would', 1
changes,, 1
abatements, 1
delays, 1
tongues,, 1
accidents;, 1
'should', 1
spendthrift, 1
hurts, 1
easing., 1
ulcer!, 1
back., 1
words?, 1
cut, 1
church!, 1
sanctuarize;, 1
bounds., 1
close, 1
chamber., 1
home., 1
praise, 1
excellence, 2
varnish, 1
Frenchman, 1
wager, 4
heads., 2
He,, 1
remiss,, 1
contriving,, 1
peruse, 1
foils;, 1
shuffling,, 1
unbated,, 1
practice,, 1
Requite, 1
do't!, 1
anoint, 1
bought, 1
mountebank,, 1
dip, 1
knife, 1
cataplasm, 1
rare,, 1
Collected, 1
simples, 1
scratch'd, 1
contagion,, 1
slightly,, 1
Weigh, 1
convenience, 1
shape., 1
performance., 1
assay'd., 1
project, 1
second,, 1
cunnings-, 1
ha't!, 1
motion, 1
dry-, 1
bouts, 1
end-, 1
prepar'd, 1
chalice, 1
nonce;, 1
whereon, 1
sipping,, 1
chance, 1
venom'd, 1
stuck,, 1
there.-, 1
stay,, 1
noise,, 1
queen?, 1
tread, 1
another's, 1
heel,, 1
sister's, 1
drown'd,, 1
Drown'd!, 1
where?, 1
willow, 1
aslant, 1
brook,, 1
hoar, 1
glassy, 1
stream., 1
fantastic, 1
garlands, 1
crowflowers,, 1
nettles,, 1
daisies,, 1
purples,, 1
liberal, 2
shepherds, 1
grosser, 1
name,, 1
maids, 1
pendant, 1
boughs, 1
coronet, 1
Clamb'ring, 1
hang,, 1
envious, 1
sliver, 1
broke,, 1
weedy, 1
trophies, 1
weeping, 1
brook., 1
clothes, 1
mermaid-like,, 1
chaunted, 1
snatches, 1
tunes,, 1
incapable, 1
distress,, 1
indued, 1
element;, 1
garments,, 1
Pull'd, 1
melodious, 1
muddy, 1
drown'd?, 1
Drown'd,, 1
drown'd., 1
water, 5
tears;, 1
trick;, 1
holds,, 1
blaze, 1
folly, 1
douts, 1
churchyard., 1
spades, 1
pickaxes]., 1
Clown., 33
burial, 1
wilfully, 1
seeks, 1
salvation?, 1
Other., 12
crowner, 1
burial., 3
drown'd, 2
defence?, 1
se, 1
offendendo;, 1
else., 1
point:, 1
wittingly,, 1
argues, 1
act;, 1
branches-it, 1
perform;, 1
argal,, 1
wittingly., 1
Goodman, 1
Delver!, 1
water;, 1
man;, 1
nill, 1
goes-, 1
drowns, 1
Argal,, 2
shortens, 1
law?, 1
is't-, 1
crowner's, 1
quest, 1
law., 1
ha', 1
an't?, 1
gentlewoman,, 1
say'st!, 1
folk, 1
count'nance, 1
even-Christen., 1
spade!, 1
ancient, 1
gard'ners,, 1
ditchers,, 1
grave-makers., 1
Adam's, 1
profession., 1
gentleman?, 1
heathen?, 1
Scripture?, 1
Scripture, 1
Adam, 1
digg'd., 1
dig, 2
answerest, 1
thyself-, 1
builds, 2
mason,, 2
shipwright,, 2
carpenter?, 2
gallows-maker;, 1
frame, 1
outlives, 1
tenants., 1
gallows, 3
ill., 1
built, 1
church., 1
To't, 1
unyoke., 1
tell!, 1
To't., 1
Mass,, 1
tell., 1
afar, 2
Cudgel, 1
mend, 1
pace, 1
beating;, 1
ask'd, 1
next,, 1
grave-maker.', 1
houses, 1
lasts, 1
doomsday., 1
Yaughan;, 1
stoup, 1
liquor., 1
Second, 1
Clown.], 1
[Clown, 1
digs, 1
sings., 1
Methought, 2
sweet;, 1
contract-, 1
O-, 1
for-, 1
a-, 3
behove,, 1
there-, 1
nothing-, 1
Has, 1
business,, 1
sings, 1
grave-making?, 1
Custom, 1
Property, 1
easiness., 1
employment, 1
daintier, 1
stealing, 1
steps, 1
clawed, 1
clutch,, 1
shipped, 1
intil, 1
such., 1
[Throws, 1
skull.], 3
skull, 4
knave, 3
jowls, 1
ground,as, 1
Cain's, 1
jawbone,, 1
Politician,, 1
o'erreaches;, 1
circumvent, 1
might,, 1
morrow,, 1
lord?', 1
Such-a-one,, 1
prais'd, 2
Such-a-one's, 1
it-, 1
Lady, 1
Worm's,, 1
chapless,, 1
knock'd, 1
mazzard, 1
sexton's, 1
spade., 1
revolution,, 1
see't., 1
bones, 1
breeding, 1
loggets, 1
Mine, 2
ache, 1
on't., 1
pickaxe, 1
spade,, 2
shrouding, 1
sheet;, 1
Pit, 1
clay, 2
guest, 2
Throws, 1
[another, 1
skull]., 1
lawyer?, 1
quiddits, 1
quillets,, 1
cases,, 1
tenures,, 1
tricks?, 1
knock, 1
sconce, 1
dirty, 1
shovel,, 1
battery?, 1
Hum!, 1
buyer, 1
statutes,, 1
recognizances,, 1
fines,, 2
vouchers,, 1
recoveries., 1
recovery, 1
recoveries,, 1
dirt?, 1
vouchers, 1
vouch, 1
purchases,, 1
breadth, 1
indentures?, 1
conveyances, 1
box;, 1
inheritor, 1
jot, 1
parchment, 1
sheepskins?, 1
calveskins, 1
sheep, 1
calves, 1
grave's, 1
sirrah?, 1
Mine,, 1
pit, 1
liest, 2
on't,, 1
thine., 1
quick;, 1
liest., 1
lie,, 2
neither., 1
woman,, 1
she's, 1
absolute, 2
is!, 2
card,, 1
equivocation, 1
undo, 1
years, 1
taken, 2
picked, 1
toe, 1
heel, 1
courtier, 1
kibe.-, 1
grave-maker?, 1
year,, 1
overcame, 1
since?, 1
Cannot, 1
Every, 1
born-, 1
because, 1
or,, 1
Why?, 1
'Twill, 1
he., 1
strangely,, 1
say., 1
strangely?, 1
losing, 1
wits., 1
ground?, 1
sexton, 1
boy, 1
years., 2
rot?, 1
pocky, 1
corses, 1
now-a-days, 1
eight, 1
year, 1
nine, 2
tanner, 1
another?, 1
tann'd, 1
while;, 1
decayer, 1
whoreson, 1
lien, 1
three-and-twenty, 1
whoreson,, 1
fellow's, 1
was?, 1
pestilence, 1
rogue!, 1
pour'd, 1
flagon, 1
skull,, 2
Yorick's, 1
jester., 1
This?, 1
E'en, 3
[Takes, 1
Yorick!, 1
fancy., 1
tunes., 1
abhorred, 1
gorge, 1
rises, 1
hung, 1
lips, 1
kiss'd, 1
oft., 1
gibes, 1
gambols?, 1
songs?, 1
flashes, 1
merriment, 1
roar?, 1
grinning?, 1
Quite, 1
chap-, 1
fall'n?, 1
lady's, 1
chamber,, 1
paint, 1
inch, 1
thick,, 1
Prithee,, 1
thing., 1
Alexander, 5
earth?, 1
smelt, 1
Pah!, 1
[Puts, 1
return,, 1
trace, 2
dust, 3
stopping, 1
bunghole?, 1
consider, 2
curiously,, 1
jot;, 1
enough,, 1
likelihood, 1
died,, 1
buried,, 1
returneth, 1
dust;, 1
earth;, 2
loam;, 1
loam, 1
(whereto, 1
converted), 1
beer, 1
barrel?, 1
Imperious, 1
Caesar,, 1
clay,, 1
Might, 1
hole, 1
wall, 1
winter's, 1
flaw!, 1
aside!, 1
King-, 1
[priests, 1
with], 1
coffin, 1
[in, 1
procession],, 1
attendant.], 1
courtiers., 1
follow?, 1
maimed, 1
rites?, 1
betoken, 1
Fordo, 1
Couch, 1
[Retires, 1
ceremony, 2
youth., 1
Mark., 1
obsequies, 1
enlarg'd, 1
warranty., 1
doubtful;, 1
o'ersways, 1
order,, 1
unsanctified, 1
lodg'd, 1
trumpet., 1
charitable, 1
Shards,, 1
flints,, 1
pebbles, 1
thrown, 1
allow'd, 1
virgin, 1
crants,, 1
strewments,, 1
bringing, 1
profane, 1
requiem, 1
peace-parted, 1
souls., 1
unpolluted, 1
violets, 1
spring!, 1
churlish, 1
priest,, 1
minist'ring, 1
howling., 1
Sweets, 1
sweet!, 1
[Scatters, 1
flowers.], 1
hop'd, 1
bride-bed, 1
deck'd,, 1
strew'd, 1
grave., 2
treble, 2
Fall, 1
ingenious, 1
Depriv'd, 1
of!, 1
Leaps, 1
pile, 1
o'ertop, 1
Pelion, 1
skyish, 1
blue, 1
Olympus., 1
[comes, 1
forward], 1
Bears, 1
emphasis?, 1
Conjures, 1
wand'ring, 1
wonder-wounded, 1
hearers?, 1
[Leaps, 1
[Grapples, 1
pray'st, 1
throat;, 1
For,, 1
splenitive, 1
dangerous,, 1
hand!, 1
Pluck, 1
thein, 1
asunder., 1
Gentlemen!, 1
quiet., 1
[The, 2
Attendants, 2
grave.], 1
Until, 1
eyelids, 1
wag., 1
theme?, 1
Forty, 1
brothers, 1
(with, 1
love), 1
sum., 1
forbear, 1
thou't, 1
Woo't, 2
weep?, 1
woo't, 3
fight?, 1
thyself?, 1
esill?, 1
crocodile?, 1
whine?, 1
outface, 1
leaping, 1
prate, 1
mountains,, 1
Millions, 1
acres, 1
Singeing, 1
zone,, 1
Ossa, 1
wart!, 1
thou'lt, 1
rant, 1
thou., 1
madness;, 1
Anon,, 1
female, 1
dove, 1
couplets, 1
drooping., 1
Hear, 1
may,, 1
cat, 1
mew,, 1
dog, 1
day., 1
Laertes], 1
Strengthen, 1
night's, 1
push.-, 1
monument., 1
see;, 1
proceeding, 1
other., 1
circumstance?, 1
Worse, 1
mutinies, 1
bilboes., 1
Rashly-, 1
rashness, 1
indiscretion, 1
plots, 2
pall;, 1
learn, 1
ends,, 1
Rough-hew, 1
will-, 1
certain., 1
Up, 1
cabin,, 1
sea-gown, 1
scarf'd, 1
dark, 1
Grop'd, 1
Finger'd, 1
packet,, 1
withdrew, 1
(My, 1
forgetting, 1
manners), 1
unseal, 1
grand, 1
commission;, 3
found,, 1
knavery!),, 1
exact, 1
several, 1
sorts, 1
health,, 1
England's, 1
With,, 1
hoo!, 1
bugs, 1
goblins, 1
life-, 1
supervise,, 1
bated,, 1
axe,, 1
read, 1
leisure., 1
proceed?, 1
benetted, 1
villanies,, 1
brains,, 1
sat, 1
Devis'd, 1
wrote, 1
fair., 1
statists, 1
baseness, 1
write, 1
labour'd, 1
learning;, 1
yeoman's, 1
Wilt, 1
wrote?, 1
earnest, 1
conjuration, 1
tributary,, 1
flourish,, 1
peace, 2
wheaten, 1
garland, 1
comma, 1
'tween, 1
amities,, 1
such-like, 1
as's, 1
view, 1
contents,, 1
debatement, 1
further,, 1
less,, 2
shriving, 1
allow'd., 1
seal'd?, 1
ordinant., 1
signet, 1
purse,, 1
model, 1
seal;, 1
Folded, 1
Subscrib'd, 1
gave't, 1
impression,, 1
safely,, 1
changeling, 1
known., 1
sea-fight;, 1
sequent, 1
employment!, 1
conscience;, 1
insinuation, 1
grow., 1
incensed, 1
points, 1
mighty, 1
opposites., 1
thinks't, 1
upon-, 1
whor'd, 1
mother;, 1
Popp'd, 1
hopes;, 1
Thrown, 1
angle, 1
Proper, 1
coz'nage-, 1
perfect, 1
quit, 2
arm?, 1
evil?, 1
short;, 1
interim, 1
mine,, 1
'one.', 1
sorry,, 1
portraiture, 1
his., 1
favours., 1
bravery, 1
tow'ring, 1
passion., 1
here?, 2
Osr., 25
lordship, 4
[Aside, 1
Horatio], 2
waterfly?, 1
Hamlet], 3
gracious;, 1
fertile., 1
beasts,, 1
crib, 1
mess., 1
chough;, 1
spacious, 1
possession, 1
dirt., 1
leisure,, 1
diligence, 1
spirit., 2
bonnet, 1
use., 1
lordship,, 1
hot., 1
cold;, 1
northerly., 1
sultry, 1
complexion., 1
Exceedingly,, 1
sultry,, 1
'twere-, 1
how., 1
bade, 1
matter-, 1
[Hamlet, 1
hat.], 1
newly, 1
Laertes;, 1
gentleman,, 1
differences,, 1
society, 1
showing., 1
feelingly, 1
card, 1
calendar, 1
gentry;, 1
definement, 1
perdition, 1
though,, 1
inventorially, 1
dozy, 1
arithmetic, 1
yaw, 1
sail., 1
verity, 1
extolment,, 1
article,, 1
infusion, 1
dearth, 1
rareness, 1
diction, 1
semblable, 1
mirror,, 1
umbrage,, 1
infallibly, 1
concernancy,, 1
wrap, 1
rawer, 1
Sir?, 1
Hor, 1
tongue?, 1
really., 1
nomination, 1
empty, 1
All's, 1
spent., 1
ignorant-, 1
ignorant, 1
is-, 1
compare, 1
excellence;, 1
weapon;, 1
imputation, 1
meed, 1
unfellowed., 1
weapon?, 1
Rapier, 1
dagger., 1
weapons-, 1
wager'd, 1
six, 3
Barbary, 2
horses;, 1
impon'd,, 2
poniards,, 1
assigns,, 2
girdle,, 1
hangers,, 1
Three, 1
carriages,, 3
fancy,, 1
responsive, 1
hilts,, 1
conceit., 1
carriages?, 1
edified, 1
margent, 1
hangers., 1
germane, 1
sides., 2
hangers, 1
Six, 1
horses, 1
swords,, 1
liberal-conceited, 1
carriages:, 1
bet, 1
Danish., 1
passes, 1
exceed, 1
hits;, 1
nine,, 1
trial, 1
trial., 1
hall., 2
breathing, 1
foils, 3
brought,, 1
win, 2
can;, 1
hits., 1
redeliver, 1
lordship., 1
Yours,, 1
Osric.], 1
turn., 1
lapwing, 1
shell, 1
dug, 1
bevy, 1
drossy, 1
dotes, 1
encounter-, 1
yesty, 1
collection,, 1
carries, 1
fann'd, 1
winnowed, 1
opinions;, 1
trial-the, 1
bubbles, 1
Lord., 4
commended, 1
brings, 1
attend, 1
constant, 1
purposes;, 1
fitness, 1
speaks,, 1
ready;, 1
whensoever,, 1
provided, 1
able, 1
instructs, 1
Lord.], 1
wager,, 1
continual, 1
practice., 1
odds., 2
all's, 1
-, 1
foolery;, 1
gaingiving, 1
woman., 1
dislike, 1
anything,, 1
forestall, 1
fit., 1
whit,, 1
defy, 1
augury;, 1
sparrow., 1
come',, 1
now;, 1
come:, 1
readiness, 1
leaves,, 1
betimes?, 1
gauntlets., 1
flagons, 1
wine, 2
Laertes', 1
Hamlet's.], 1
pardon,, 1
wrong;, 1
pardon't,, 1
punish'd, 1
distraction., 1
honour,, 1
exception, 1
Roughly, 1
awake,, 1
proclaim, 1
Was't, 1
wrong'd, 1
away,, 1
denies, 1
faction, 1
wrong'd;, 1
audience,, 1
disclaiming, 1
purpos'd, 1
evil, 1
Free, 1
generous, 1
arrow, 1
hurt, 1
satisfied, 1
case, 1
aloof,, 1
reconcilement, 1
elder, 1
masters, 1
ungor'd., 1
offer'd, 1
embrace, 2
foils., 1
foil,, 1
ignorance, 1
darkest, 1
Stick, 1
bad., 1
foils,, 1
Osric., 2
Cousin, 1
wager?, 1
odds, 1
weaker, 1
side., 1
both;, 1
better'd,, 1
heavy;, 1
length?, 1
Prepare, 1
stoups, 1
hit,, 2
exchange,, 1
battlements, 1
ordnance, 2
cup, 1
union, 2
Richer, 1
successive, 1
kings, 1
crown, 1
worn., 1
cups;, 1
kettle, 1
cannoneer, 1
without,, 1
cannons, 1
'Now, 1
Hamlet.', 1
begin., 1
judges,, 1
One., 1
Judgment!, 1
palpable, 1
hit., 2
drink., 2
pearl, 1
thine;, 1
health., 1
[Drum;, 1
trumpets, 1
sound;, 1
[within]., 1
cup., 2
bout, 1
first;, 1
(They, 1
play.), 1
touch,, 1
touch;, 1
confess't., 1
win., 1
fat,, 1
scant, 1
breath., 1
napkin,, 1
rub, 1
brows., 1
carouses, 1
madam!, 1
Drinks., 1
poison'd, 1
cup;, 1
late., 2
madam;, 1
face., 1
think't., 1
conscience., 1
third,, 1
Laertes!, 1
dally., 1
Pass, 1
afeard, 1
[Laertes, 2
wounds, 2
scuffling,, 1
rapiers,, 1
[and, 1
Laertes]., 1
Part, 1
them!, 1
bleed, 1
woodcock, 1
springe,, 1
treachery., 1
Queen?, 1
sounds, 1
bleed., 1
drink!, 2
poison'd., 2
[Dies.], 1
villany!, 1
Ho!, 1
lock'd., 1
Treachery!, 1
falls.], 1
medicine, 1
treacherous, 1
Unbated, 1
envenom'd., 1
rise, 1
envenom'd, 1
too?, 1
Then,, 1
venom,, 1
work., 1
Hurts, 1
Treason!, 1
treason!, 1
hurt., 1
murd'rous,, 1
Dane,, 1
Drink, 1
potion!, 1
dies., 1
serv'd., 1
temper'd, 1
Exchange, 1
forgiveness, 1
Dies., 2
Wretched, 1
chance,, 1
mutes, 1
sergeant,, 1
Death,, 2
arrest), 1
liv'st;, 1
aright, 1
unsatisfied., 1
liquor, 1
left., 1
th'art, 1
go!, 1
ha't., 1
wounded, 1
(Things, 1
standing, 1
unknown), 1
Absent, 1
felicity, 1
pain,, 1
story., 1
[March, 2
within.], 2
conquest, 1
volley., 1
o'ercrows, 1
lights, 1
dying, 1
occurrents,, 1
solicited-, 1
silence., 1
cracks, 1
flights, 1
angels, 1
drum, 1
Ambassadors,, 1
Drum,, 1
Colours,, 1
Fort., 4
see?, 1
cease, 1
search., 1
quarry, 1
havoc., 1
cell, 1
princes, 1
bloodily, 1
Ambassador., 1
dismal;, 1
affairs, 1
bearing, 1
fulfill'd, 1
thanks?, 1
ability, 1
since,, 1
wars,, 1
arriv'd,, 1
High, 1
placed, 1
view;, 1
unknowing, 1
about., 1
carnal,, 1
acts;, 1
accidental, 1
judgments,, 1
casual, 1
slaughters;, 1
deaths, 1
cause;, 1
upshot,, 1
purposes, 1
mistook, 1
Fall'n, 1
inventors', 1
deliver., 1
noblest, 1
audience., 1
claim, 1
vantage, 1
invite, 1
also, 1
perform'd,, 1
minds, 1
errors, 1
happen., 1
captains, 1
Bear, 1
stage;, 1
likely,, 1
royally;, 1
soldiers', 1
rites, 1
war, 1
loudly, 1
bodies., 1
Becomes, 1
field, 1
shoot., 1
marching;, 1
peal, 1
END, 1
